<?xml version="1.0" encoding="UTF-8"?><metadata xmlns:xsi="http://www.w3.org/2001/XMLSchema-instance" xsi:noNamespaceSchemaLocation="http://www.conabio.gob.mx/informacion/gis/schemas/fgdc/fgdc-std-001-1998.xsd"><idinfo><citation><citeinfo><origin>Maderey-R, L. E. y Torres-Ruata, C. (1990), &apos;Hidrograf&#x00ED;a&apos;. Extraido de Hidrograf&#x00ED;a e hidrometr&#x00ED;a, IV.6.1 (A). Atlas Nacional de M&#x00E9;xico. Vol. II. Escala 1: 4000000. Instituto de Geograf&#x00ED;a, UNAM. M&#x00E9;xico.</origin><pubdate>19980803</pubdate><title>Hidrograf&#x00ED;a</title><geoform>Shapefile. Formato vectorial compuesto por 4 archivos (shp, shx, dbf,prj)</geoform><othercit>4000000</othercit></citeinfo></citation><descript><abstract>En este mapa solo se representa la red hidrogr&#x00E1;fica y no el tipo de flujo ni el caudal del mismo. El mapa se complet&#x00F3; con la nomenclatura de r&#x00ED;os escala 1:1000000.</abstract><purpose>Conocer las principales corrientes superficiales del pa&#x00ED;s escala 1:4000000.</purpose></descript><timeperd><timeinfo><sngdate><caldate>00000000</caldate></sngdate></timeinfo><current>No conocido</current></timeperd><status><progress>Complete</progress><update>No planeado</update></status><spdom><bounding><westbc>-117.131639</westbc><eastbc>-88.27261</eastbc><northbc>32.607089</northbc><southbc>14.566166</southbc></bounding></spdom><keywords><theme><themekt>ESTRUCTURA</themekt><themekey>hidro</themekey><themekey>rios</themekey><themekey>hidro4mgw</themekey></theme><theme><themekt>CONABIO</themekt><themekey>Hidrolog&#x00ED;a R&#x00ED;os 1:4000000 Corrientes agua Hidrolog&#x00ED;a R&#x00ED;os sistema hidrogr&#x00E1;fico </themekey></theme><place><placekt>CONABIO</placekt><placekey>M&#x00E9;xico Nacional Rep&#x00FA;blica Mexicana </placekey></place></keywords><accconst>Sin restricciones</accconst><useconst>Sin restricciones</useconst><browse><browsen>http://www.conabio.gob.mx/informacion/gis/layouts/hidro4mgw.png</browsen><browsed>Mapa ilustrativo de Hidrograf&#x00ED;a</browsed><browset>png</browset></browse><native>SIG ARC-INFO, versi&#x00F3;n 9.2, UNIX</native></idinfo><dataqual><logic>Laboratorio</logic><complete>No conocido</complete><lineage><srcinfo><srccite><citeinfo><origin>No conocido</origin><pubdate>00000000</pubdate><title>No conocido</title></citeinfo></srccite><srcscale>4000000</srcscale><typesrc>Impreso</typesrc><srctime><timeinfo><sngdate><caldate>00000000</caldate></sngdate></timeinfo><srccurr>No conocido</srccurr></srctime><srccitea>No conocido</srccitea><srccontr>Atlas Nacional de M&#x00E9;xico. Vol. II. Instituto de Geograf&#x00ED;a, UNAM.</srccontr></srcinfo><procstep><procdesc>Se digitaliz&#x00F3; la carta en el SIG INTERGRAPH y se export&#x00F3; al SIG ARC-INFO.</procdesc><procdate>00000000</procdate></procstep></lineage></dataqual><spdoinfo><direct>Vector</direct><ptvctinf><sdtsterm ><sdtstype>Ring composed of arcs</sdtstype><ptvctcnt>2234</ptvctcnt></sdtsterm></ptvctinf></spdoinfo><spref><horizsys><geograph><latres>0.0174532925199433</latres><longres>0.0174532925199433</longres><geogunit>Decimal degrees</geogunit></geograph><geodetic><horizdn>WGS84</horizdn><ellips>WGS84</ellips><semiaxis>6378137.000000</semiaxis><denflat>298.257224</denflat></geodetic></horizsys></spref><eainfo><detailed><enttyp><enttypl>HIDRO4MGW.DBF</enttypl><enttypd>Hidrograf&#x00ED;a a escala 1:4000000</enttypd><enttypds>No conocido</enttypds></enttyp><attr><attrlabl>Length</attrlabl><attrdef>Num&#x00E9;rico</attrdef><attrdefs>Calculado por Arc-Info</attrdefs><attrdomv><udom>Representa la longitud o distancia de cada arco (r&#x00ED;os)</udom></attrdomv><attrvai><attrva>1</attrva><attrvae>Grados decimales</attrvae></attrvai></attr><attr><attrlabl>Nombres</attrlabl><attrdef>Car&#x00E1;cter</attrdef><attrdefs>Datos del proyecto</attrdefs><attrdomv><udom>Se descriobe el nombre del r&#x00ED;o.</udom></attrdomv></attr></detailed></eainfo><distinfo><distrib><cntinfo><cntorgp><cntorg>CONABIO</cntorg><cntper>Jose Manuel Davila Rosas</cntper></cntorgp><cntpos>Subdirector de Sistemas de Informaci&#x00F3;n Geogr&#x00E1;fica</cntpos><cntaddr><addrtype>mailing and physical address</addrtype><address>Liga Perif&#x00E9;rico Insurgentes Sur Num. 4903 1er piso. Col. Parques del Pedregal. Delg. Tlalpan</address><city>Ciudad de M&#x00E9;xico</city><state>D.F.</state><postal>14010</postal><country>M&#x00E9;xico</country></cntaddr><cntvoice>50045012</cntvoice><cntfax>50044931</cntfax><cntemail>jdavila@conabio.gob.mx</cntemail><hours>Lunes a Viernes de las 8 hasta 18 hrs.</hours></cntinfo></distrib><resdesc>hidro4mgw</resdesc><distliab>No se permite utilizar estos datos con fines lucrativos y se debe citar la fuente del mapa y a CONABIO. La Subdirecci&#x00F3;n de Sistemas de Informaci&#x00F3;n Geogr&#x00E1;fica de la CONABIO solo se hace responsable de la informaci&#x00F3;n presentada en el mapa y se deslinda del uso que se le de a la misma.</distliab><stdorder><digform><digtinfo><formname>ESRI Shapefile(SHP)</formname><formverd>199807</formverd><filedec>compactado en ZIP</filedec><transize>1.00</transize></digtinfo><digtopt><onlinopt><computer><networka><networkr> http://www.conabio.gob.mx/informacion/gis/maps/geo/hidro4mgw.zip</networkr></networka></computer><accinstr>Coordenadas geogr&#x00E1;ficas WGS84. (EPSG:4326). Formato vectorial de almacenamiento de elementos geogr&#x00E1;ficos y sus atributos asociados. </accinstr></onlinopt><onlinopt><computer><networka><networkr> http://www.conabio.gob.mx/informacion/gis/maps/ccl/hidro4mgw_c.zip</networkr></networka></computer><accinstr>Proyecci&#x00F3;n C&#x00F3;nica Conforme de Lambert WGS84. (EPSG:48402). Formato vectorial de almacenamiento de elementos geogr&#x00E1;ficos y sus atributos asociados. </accinstr></onlinopt></digtopt></digform><digform><digtinfo><formname>Google Earth KML</formname><formvern>2.2</formvern><filedec>compactado como KMZ</filedec></digtinfo><digtopt><onlinopt><computer><networka><networkr>  http://www.conabio.gob.mx/informacion/explorer/wms/kml?layers=hidro4mgw&amp;mode=download&amp;legend=true</networkr></networka></computer><accinstr>Coordenadas geogr&#x00E1;ficas WGS84. (EPSG:4326). Los archivos KML representan datos geogr&#x00E1;ficos para Google Earth, a menudo suelen distribuirse comprimidos como KMZ.</accinstr></onlinopt></digtopt></digform><digform><digtinfo><formname>Servicio de im&#x00E1;genes (WMS)</formname><formvern>1.1.1</formvern></digtinfo><digtopt><onlinopt><computer><networka><networkr>http://www.conabio.gob.mx/informacion/explorer/wms?Format=image.png&amp;request=GetMap&amp;version=1.1.1&amp;width=800&amp;height=424&amp;srs=EPSG:4326&amp;bbox=-120.0,13.8,-85.1,33.5&amp;layers=hidro4mgw</networkr></networka></computer><accinstr>Coordenadas geogr&#x00E1;ficas WGS84. (EPSG:4326). Servicio Web Map Service. Los mapas de datos referenciados espacialmente producidos se generan normalmente en un formato de imagen como PNG,.png o JPEG, pueden se vistos en un SIG </accinstr></onlinopt></digtopt></digform><fees>Acceso libre sin ning&#x00FA;n cargo al p&#x00FA;blico en general.</fees></stdorder><techpreq>Tener sistemas compatibles con archivos Shapefile, en caso que existan se pueden visualizar en Google Earth KML y/o conexi&#x00F3;n al servicio WMS.</techpreq></distinfo><metainfo><metd>20080314</metd><metc><cntinfo><cntorgp><cntorg>CONABIO</cntorg></cntorgp><cntpos>Javier Col&#x00ED;n</cntpos><cntaddr><addrtype>mailing and physical address</addrtype><address>Liga Perif&#x00E9;rico Insurgentes Sur Num. 4903 1er piso. Col. Parques del Pedregal. Delg. Tlalpan</address><city>Ciudad de M&#x00E9;xico</city><state>D.F.</state><postal>14010</postal><country>M&#x00E9;xico</country></cntaddr><cntvoice>50045018 50044938</cntvoice><cntfax>50044931</cntfax><cntemail>ssig@conabio.gob.mx</cntemail><hours>Lunes a Viernes de 8 a 18 hrs.</hours></cntinfo></metc><metstdn>FGDC Content Standards for Digital Geospatial Metadata, 1998</metstdn><metstdv>FGDC-STD-001-1998 version 2.0</metstdv></metainfo></metadata>