name,year,month,day,prom_vel_viento,prom_presion
AL011993,1993,5,31,25,1002.5
AL011993,1993,6,1,27.5,999.5
AL011993,1993,6,2,30,999
AL012000,2000,6,7,25,1008
AL012000,2000,6,8,25,1009.6666666666666
AL021992,1992,6,25,27.5,1008
AL021992,1992,6,26,30,1007
AL021994,1994,7,20,27.5,1015.75
AL021994,1994,7,21,17.5,1016
AL021999,1999,7,2,30,1006
AL021999,1999,7,3,28.333333333333332,1004.3333333333334
AL022000,2000,6,23,28.75,1009.25
AL022000,2000,6,24,30,1009
AL022000,2000,6,25,28.75,1009
AL022001,2001,7,11,25,1011
AL022001,2001,7,12,25,1011
AL022003,2003,6,11,30,1008.75
AL022006,2006,7,17,38.333333333333336,1003
AL022006,2006,7,18,37.5,1001.5
AL031987,1987,8,9,32.5,1009
AL031987,1987,8,10,37.5,1008.75
AL031987,1987,8,11,25,1008.5
AL031987,1987,8,12,23.75,1007
AL031987,1987,8,13,18.75,1008.5
AL031987,1987,8,14,15,1010.25
AL031987,1987,8,15,15,1011.5
AL031987,1987,8,16,13.75,1013.75
AL031987,1987,8,17,10,1015
AL031992,1992,7,24,25,1016
AL031992,1992,7,25,30,1015.75
AL031992,1992,7,26,23.333333333333332,1016
AL041991,1991,8,24,27.5,1010
AL041991,1991,8,25,30,1009.75
AL041991,1991,8,26,25,1011
AL042000,2000,8,8,30,1010.5
AL042000,2000,8,9,30,1010
AL042000,2000,8,10,28.75,1010
AL042000,2000,8,11,25,1012
AL051994,1994,8,29,30,1007
AL051994,1994,8,30,30,1005.75
AL051994,1994,8,31,30,1007
AL061988,1988,9,7,30,1009.25
AL061988,1988,9,8,45,1002.25
AL061988,1988,9,9,40,1000.25
AL061988,1988,9,10,25,1009
AL061995,1995,8,5,20,1008
AL061995,1995,8,6,25,1003.4
AL061995,1995,8,7,26.666666666666668,1002.6666666666666
AL061997,1997,7,17,28.333333333333332,1008.6666666666666
AL061997,1997,7,18,30,1011.25
AL061997,1997,7,19,25,1013
AL062003,2003,7,19,30,1010
AL062003,2003,7,20,30,1011
AL062003,2003,7,21,30,1012.3333333333334
AL071999,1999,9,5,25,1006
AL071999,1999,9,6,30,1006
AL071999,1999,9,7,28.333333333333332,1006.3333333333334
AL072002,2002,9,7,30,1013.5
AL072002,2002,9,8,26.666666666666668,1015.6666666666666
AL072003,2003,7,25,25,1017
AL072003,2003,7,26,22.5,1019.5
AL072003,2003,7,27,15,1022
AL081992,1992,9,25,27.5,1011.5
AL081992,1992,9,26,26.25,1012
AL081992,1992,9,27,30,1010
AL081992,1992,9,28,26.25,1012
AL081992,1992,9,29,30,1010
AL081992,1992,9,30,30,1009
AL081992,1992,10,1,25,1012.6666666666666
AL081994,1994,9,24,27.5,1007.5
AL081994,1994,9,25,30,1005.5
AL081994,1994,9,26,26.25,1006.75
AL091994,1994,9,27,30,1008
AL091994,1994,9,28,30,1007.75
AL091994,1994,9,29,25,1009
AL092000,2000,9,8,27.5,1008.5
AL092000,2000,9,9,26.25,1009.25
AL092001,2001,9,19,30,1006.5
AL092001,2001,9,20,27.5,1007
AL092003,2003,8,21,30,1009
AL092003,2003,8,22,30,1007.6666666666666
AL101991,1991,10,24,25,1009
AL101991,1991,10,25,25,1009
AL101993,1993,9,29,30,1012
AL101993,1993,9,30,30,1008.75
AL101994,1994,9,29,26.666666666666668,1006.3333333333334
AL101994,1994,9,30,28.75,1005
AL102004,2004,9,7,25,1009
AL102004,2004,9,8,25,1011.25
AL102004,2004,9,9,30,1012.5
AL111999,1999,10,4,30,1004
AL111999,1999,10,5,30,1003.5
AL111999,1999,10,6,30,1006.6666666666666
AL121991,1991,11,1,60,987
AL121991,1991,11,2,50,993.6
AL121999,1999,10,6,30,1007.5
AL121999,1999,10,7,30,1008
AL121999,1999,10,8,28.75,1008.5
AL141995,1995,9,9,25,1009
AL141995,1995,9,10,25,1009
AL141995,1995,9,11,28.75,1008.25
AL141995,1995,9,12,30,1008
AL141995,1995,9,13,28.333333333333332,1009
AL142002,2002,10,14,30,1006.5
AL142002,2002,10,15,30,1003.5
AL142002,2002,10,16,28,1004.6
AL142003,2003,9,8,25,1009
AL142003,2003,9,9,27.5,1007.25
AL142003,2003,9,10,25,1009
Al202011,2011,9,1,32.5,1007
Al202011,2011,9,2,37.5,1003
Alberto,1982,6,2,22.5,1004.5
Alberto,1982,6,3,48.75,996
Alberto,1982,6,4,51.25,999.25
Alberto,1982,6,5,26.25,1008.5
Alberto,1982,6,6,23.333333333333332,1010
Alberto,1988,8,5,20,1015
Alberto,1988,8,6,22.5,1012.5
Alberto,1988,8,7,31.25,1004.75
Alberto,1988,8,8,35,1005
Alberto,1994,6,30,26.666666666666668,1009.6666666666666
Alberto,1994,7,1,30,1007.75
Alberto,1994,7,2,38.75,1003.5
Alberto,1994,7,3,50,996.2
Alberto,1994,7,4,21.25,1009.5
Alberto,1994,7,5,20,1013
Alberto,1994,7,6,15,1013
Alberto,1994,7,7,10,1012.25
Alberto,2000,8,3,25,1007
Alberto,2000,8,4,35,1003.5
Alberto,2000,8,5,46.25,998.5
Alberto,2000,8,6,68.75,984
Alberto,2000,8,7,78.75,978
Alberto,2000,8,8,70,983.25
Alberto,2000,8,9,58.75,991.5
Alberto,2000,8,10,65,986.25
Alberto,2000,8,11,77.5,977.5
Alberto,2000,8,12,102.5,958.5
Alberto,2000,8,13,90,969.25
Alberto,2000,8,14,57.5,992.25
Alberto,2000,8,15,43.75,1001.25
Alberto,2000,8,16,40,1002.75
Alberto,2000,8,17,47.5,999
Alberto,2000,8,18,58.75,991.5
Alberto,2000,8,19,82.5,974.5
Alberto,2000,8,20,87.5,971.5
Alberto,2000,8,21,81.25,976.25
Alberto,2000,8,22,71.25,982
Alberto,2000,8,23,60,990.5
Alberto,2006,6,10,28.333333333333332,1003.3333333333334
Alberto,2006,6,11,37.5,1003
Alberto,2006,6,12,51.25,1001.25
Alberto,2006,6,13,47,996.2
Alberto,2006,6,14,32.5,1002
Alberto,2012,5,19,38.333333333333336,1003.3333333333334
Alberto,2012,5,20,43.75,999.5
Alberto,2012,5,21,35,1006.75
Alberto,2012,5,22,35,1007
Alberto,2018,5,28,49,991
Alberto,2018,5,29,30,995
Alberto,2018,5,30,30,998
Alberto,2018,5,31,30,997
Alex,1998,7,27,25,1009
Alex,1998,7,28,27.5,1007.5
Alex,1998,7,29,35,1005
Alex,1998,7,30,40,1003.5
Alex,1998,7,31,43.75,1003.25
Alex,1998,8,1,37.5,1009.25
Alex,1998,8,2,33.75,1012.5
Alex,2004,7,31,25,1010
Alex,2004,8,1,28.75,1009
Alex,2004,8,2,43.75,999.25
Alex,2004,8,3,75,979
Alex,2004,8,4,85,971.25
Alex,2004,8,5,100,961.5
Alex,2004,8,6,63.333333333333336,983
Alex,2010,6,25,30,1005
Alex,2010,6,26,41.25,1002
Alex,2010,6,27,47.5,992.75
Alex,2010,6,28,45,990.25
Alex,2010,6,29,57.5,984
Alex,2010,6,30,73,963.4
Alex,2010,7,1,72,964.2
Alex,2010,7,2,30,997
Alex,2016,1,14,71.66666666666667,982.3333333333334
Alex,2016,1,15,61.25,985.5
Alicia,1983,8,15,35,1007.5
Alicia,1983,8,16,52.5,1002.25
Alicia,1983,8,17,75,983.75
Alicia,1983,8,18,83,969.8
Alicia,1983,8,19,28.75,1004
Alicia,1983,8,20,20,1010
Allison,1989,6,24,30,1008
Allison,1989,6,25,30,1005.25
Allison,1989,6,26,39,1002.8
Allison,1989,6,27,35,1001.25
Allison,1995,6,3,33.75,1003.25
Allison,1995,6,4,60,991.75
Allison,1995,6,5,57.5,990.5
Allison,1995,6,6,30,993
Allison,2001,6,5,45,1004
Allison,2001,6,6,28.75,1004.75
Allison,2001,6,7,18.75,1006
Allison,2001,6,8,18.75,1005
Allison,2001,6,9,20,1007.25
Amelia,1978,7,30,30,1006
Amelia,1978,7,31,37.5,1007.5
Amelia,1978,8,1,25,1010
Amy,1975,6,27,25,1013
Amy,1975,6,28,26.25,1010.25
Amy,1975,6,29,42.5,1001
Amy,1975,6,30,56.25,992.5
Amy,1975,7,1,60,984
Amy,1975,7,2,60,983.75
Amy,1975,7,3,53.75,986
Amy,1975,7,4,50,986
Ana,1979,6,19,25,1011
Ana,1979,6,20,25,1009.75
Ana,1979,6,21,30,1008
Ana,1979,6,22,41.25,1006.5
Ana,1979,6,23,28.75,1011.5
Ana,1979,6,24,25,1012
Ana,1985,7,15,30,1011
Ana,1985,7,16,31.25,1010.25
Ana,1985,7,17,40,1007.5
Ana,1985,7,18,48.75,1001
Ana,1985,7,19,60,996
Ana,1991,7,2,25,1012
Ana,1991,7,3,27.5,1008.75
Ana,1991,7,4,43.75,1001.5
Ana,1991,7,5,40,1003
Ana,1997,6,30,30,1012
Ana,1997,7,1,36.25,1005.25
Ana,1997,7,2,36.25,1000
Ana,1997,7,3,33.75,1001.5
Ana,1997,7,4,25,1003
Ana,2003,4,21,50,994.75
Ana,2003,4,22,47.5,994.75
Ana,2003,4,23,38.75,999.75
Ana,2003,4,24,35,1003
Ana,2009,8,11,25,1006.3333333333334
Ana,2009,8,12,32.5,1005.5
Ana,2009,8,13,30,1006
Ana,2009,8,15,33.75,1003.5
Ana,2009,8,16,33.333333333333336,1004.3333333333334
Ana,2015,5,9,48.333333333333336,1000
Ana,2015,5,10,38,1002.6
Ana,2015,5,11,30,1010.75
Andrea,2013,6,5,35,1006
Andrea,2013,6,6,50,996.2
Andrea,2013,6,7,40,995
Andrew,1986,6,6,41.25,1003.5
Andrew,1986,6,7,45,1000.75
Andrew,1986,6,8,41.25,1001.75
Andrew,1992,8,16,25,1010
Andrew,1992,8,17,32.5,1006.5
Andrew,1992,8,18,43.75,1000.75
Andrew,1992,8,19,45,1003.75
Andrew,1992,8,20,40,1013.25
Andrew,1992,8,21,47.5,1008.75
Andrew,1992,8,22,73.75,986
Andrew,1992,8,23,135,937.2
Andrew,1992,8,24,129.28571428571428,934.8571428571429
Andrew,1992,8,25,118.75,944.5
Andrew,1992,8,26,95,962.4
Andrew,1992,8,27,30,997.25
Andrew,1992,8,28,20,1000
Anita,1977,8,29,22.5,1011
Anita,1977,8,30,46.25,1003.75
Anita,1977,8,31,75,987.5
Anita,1977,9,1,91.25,964.75
Anita,1977,9,2,120,943.75
Anita,1977,9,3,32.5,1004.5
Arthur,1984,8,28,25,1010
Arthur,1984,8,29,32.5,1006.75
Arthur,1984,8,30,38.75,1005.5
Arthur,1984,8,31,33.75,1009.75
Arthur,1984,9,1,28.75,1011
Arthur,1984,9,2,26.25,1009.75
Arthur,1984,9,3,30,1009.25
Arthur,1984,9,4,25,1012.5
Arthur,1984,9,5,25,1014
Arthur,1990,7,22,25,1010
Arthur,1990,7,23,25,1009.75
Arthur,1990,7,24,32.5,1006.5
Arthur,1990,7,25,48.75,1000.75
Arthur,1990,7,26,48.75,1001.5
Arthur,1990,7,27,31.666666666666668,1009.6666666666666
Arthur,1996,6,17,25,1010
Arthur,1996,6,18,26.25,1008.75
Arthur,1996,6,19,37.5,1005
Arthur,1996,6,20,32.5,1004.75
Arthur,1996,6,21,30,1002.5
Arthur,2002,7,14,30,1009
Arthur,2002,7,15,38.75,1005
Arthur,2002,7,16,50,998.25
Arthur,2008,5,31,37,1004.6
Arthur,2008,6,1,32.5,1006
Arthur,2014,7,1,33.75,1005.75
Arthur,2014,7,2,52.5,995.75
Arthur,2014,7,3,73.75,982.5
Arthur,2014,7,4,81.66666666666667,974.5
Arthur,2014,7,5,62.5,978.5
Arthur,2020,5,16,30,1008
Arthur,2020,5,17,36.25,1004
Arthur,2020,5,18,42.5,999.5
Arthur,2020,5,19,50,990.5
Barry,1983,8,23,25,1012
Barry,1983,8,24,42.5,1010.75
Barry,1983,8,25,34,1012.6
Barry,1983,8,26,26.25,1012.25
Barry,1983,8,27,35,1007.25
Barry,1983,8,28,65,992.4
Barry,1983,8,29,31.666666666666668,1003.3333333333334
Barry,1989,7,9,25,1015
Barry,1989,7,10,27.5,1013.75
Barry,1989,7,11,38.75,1010
Barry,1989,7,12,43.75,1005.75
Barry,1989,7,13,35,1014.75
Barry,1989,7,14,30,1018
Barry,1995,7,5,20,1018.6666666666666
Barry,1995,7,6,27.5,1014.25
Barry,1995,7,7,45,1003.8
Barry,1995,7,8,53.75,997
Barry,1995,7,9,49.166666666666664,992.5
Barry,1995,7,10,42.5,989.5
Barry,2001,8,2,37.5,1010.5
Barry,2001,8,3,36.25,1007.25
Barry,2001,8,4,31.25,1005.25
Barry,2001,8,5,46.25,997
Barry,2001,8,6,45,997.8
Barry,2001,8,7,15,1012
Barry,2007,6,1,35,1002
Barry,2007,6,2,39,999.2
Barry,2013,6,17,30,1006.6666666666666
Barry,2013,6,18,28.75,1008
Barry,2013,6,19,33.75,1006.25
Barry,2013,6,20,38,1004
Barry,2019,7,11,35,1006.25
Barry,2019,7,12,48.75,998.25
Barry,2019,7,13,62,993.6
Barry,2019,7,14,40,1003.5
Barry,2019,7,15,25,1008
Belle,1976,8,6,26.666666666666668,1011
Belle,1976,8,7,52.5,995.75
Belle,1976,8,8,91.25,962.75
Belle,1976,8,9,98.75,962.25
Belle,1976,8,10,58.333333333333336,984
Beryl,1982,8,28,32.5,1007
Beryl,1982,8,29,41.25,1002.5
Beryl,1982,8,30,51.25,997
Beryl,1982,8,31,58.75,991.5
Beryl,1982,9,1,60,993.75
Beryl,1982,9,2,41.25,1001.75
Beryl,1982,9,3,30,1007.5
Beryl,1982,9,4,30,1008.75
Beryl,1982,9,5,27.5,1009.5
Beryl,1982,9,6,28.333333333333332,1010
Beryl,1988,8,8,32.5,1007.75
Beryl,1988,8,9,43.75,1002.5
Beryl,1988,8,10,26.25,1008
Beryl,1994,8,14,22.5,1012.5
Beryl,1994,8,15,33.75,1007
Beryl,1994,8,16,41,1002.2
Beryl,1994,8,17,16.25,1007.75
Beryl,1994,8,18,15,1010.5
Beryl,1994,8,19,15,1012
Beryl,2000,8,13,30,1008
Beryl,2000,8,14,37.5,1008.25
Beryl,2000,8,15,36.25,1009.5
Beryl,2006,7,18,32.5,1009
Beryl,2006,7,19,40,1004.5
Beryl,2006,7,20,48.75,1001.75
Beryl,2006,7,21,43.75,1001.25
Beryl,2012,5,27,57.5,994.5
Beryl,2012,5,28,45,997.2
Beryl,2012,5,29,25,1005.5
Beryl,2012,5,30,33.333333333333336,1002
Beryl,2018,7,4,30,1008
Beryl,2018,7,5,38.75,1005.5
Beryl,2018,7,6,65,993.75
Beryl,2018,7,7,57.5,997.75
Beryl,2018,7,8,45,1005.5
Bess,1978,8,5,20,1012
Bess,1978,8,6,30,1009.5
Bess,1978,8,7,41.25,1006
Bess,1978,8,8,36.666666666666664,1008.3333333333334
Beta,2005,10,26,30,1007
Beta,2005,10,27,40,1002.25
Beta,2005,10,28,50,993.25
Beta,2005,10,29,70,983.75
Beta,2005,10,30,83.75,973
Beta,2005,10,31,20,1000
Beta,2020,9,17,30,1006
Beta,2020,9,18,32.5,1004.5
Beta,2020,9,19,50,996.25
Beta,2020,9,20,51.25,996.75
Beta,2020,9,21,45,996
Beta,2020,9,22,38,1000.4
Bill,1997,7,11,38.333333333333336,1012.3333333333334
Bill,1997,7,12,61,992
Bill,1997,7,13,50,990
Bill,2003,6,29,35,1007.6666666666666
Bill,2003,6,30,48,1002.2
Bill,2003,7,1,30,1003
Bill,2003,7,2,20,1007.6666666666666
Bill,2009,8,15,31.666666666666668,1005.6666666666666
Bill,2009,8,16,45,999.25
Bill,2009,8,17,70,981
Bill,2009,8,18,92.5,964.25
Bill,2009,8,19,112.5,951.25
Bill,2009,8,20,111.25,948.5
Bill,2009,8,21,102.5,951
Bill,2009,8,22,86.25,959.75
Bill,2009,8,23,72.5,964.5
Bill,2009,8,24,61.25,975.75
Bill,2015,6,16,48,999.4
Bill,2015,6,17,31.25,998.75
Bill,2015,6,18,23.333333333333332,1001.6666666666666
Bob,1979,7,9,22.5,1011
Bob,1979,7,10,42.5,1001.25
Bob,1979,7,11,58.75,989.25
Bob,1979,7,12,26.25,1002.5
Bob,1979,7,13,25,1006.75
Bob,1979,7,14,20,1009.5
Bob,1979,7,15,20,1011.5
Bob,1979,7,16,20,1013.3333333333334
Bob,1985,7,21,25,1011.3333333333334
Bob,1985,7,22,30,1008.5
Bob,1985,7,23,38.75,1004.75
Bob,1985,7,24,53.75,1004.5
Bob,1985,7,25,52,1004.8
Bob,1985,7,26,25,1011
Bob,1991,8,16,28.75,1010.25
Bob,1991,8,17,51.25,995.75
Bob,1991,8,18,77.5,974.5
Bob,1991,8,19,93,957.2
Bob,1991,8,20,53.75,985.75
Bonnie,1980,8,14,33.75,1005.75
Bonnie,1980,8,15,47.5,998.75
Bonnie,1980,8,16,82.5,977.5
Bonnie,1980,8,17,67.5,988.75
Bonnie,1980,8,18,65,990
Bonnie,1980,8,19,65,991.6666666666666
Bonnie,1986,6,23,25,1014
Bonnie,1986,6,24,30,1011
Bonnie,1986,6,25,53.75,1000.25
Bonnie,1986,6,26,64,995.2
Bonnie,1986,6,27,23.75,1014
Bonnie,1986,6,28,11.666666666666666,1013
Bonnie,1992,9,17,30,1009
Bonnie,1992,9,18,43.75,1000.25
Bonnie,1992,9,19,82.5,974.75
Bonnie,1992,9,20,86.25,972.5
Bonnie,1992,9,21,91.25,968.75
Bonnie,1992,9,22,92.5,967.5
Bonnie,1992,9,23,85,973.25
Bonnie,1992,9,24,67.5,986
Bonnie,1992,9,25,43.75,1001.75
Bonnie,1992,9,26,31.25,1008
Bonnie,1992,9,27,40,1002
Bonnie,1992,9,28,56.25,993.75
Bonnie,1992,9,29,57.5,993.5
Bonnie,1992,9,30,50,997.25
Bonnie,1998,8,19,27.5,1009
Bonnie,1998,8,20,32.5,1007.5
Bonnie,1998,8,21,47.5,1001.5
Bonnie,1998,8,22,73.75,982.5
Bonnie,1998,8,23,96.25,958.75
Bonnie,1998,8,24,100,959.5
Bonnie,1998,8,25,100,962.75
Bonnie,1998,8,26,100,962.25
Bonnie,1998,8,27,82,969.2
Bonnie,1998,8,28,66.25,987.25
Bonnie,1998,8,29,45,997.75
Bonnie,1998,8,30,45,1000
Bonnie,2004,8,3,25,1010
Bonnie,2004,8,4,30,1010
Bonnie,2004,8,8,25,1008.5
Bonnie,2004,8,9,32.5,1007.75
Bonnie,2004,8,10,46.25,1004
Bonnie,2004,8,11,45,1002
Bonnie,2004,8,12,42,1005
Bonnie,2004,8,13,25,1008
Bonnie,2010,7,22,31.25,1007.5
Bonnie,2010,7,23,35.833333333333336,1006.1666666666666
Bonnie,2010,7,24,27.5,1012.25
Bonnie,2016,5,27,30,1009
Bonnie,2016,5,28,33.75,1008.5
Bonnie,2016,5,29,33,1007.6
Bonnie,2016,5,30,25,1011
Bonnie,2016,6,2,25,1009.25
Bonnie,2016,6,3,32.5,1006
Bonnie,2016,6,4,32.5,1006.75
Caroline,1975,8,24,25,1011
Caroline,1975,8,25,25,1010.5
Caroline,1975,8,26,25,1011.5
Caroline,1975,8,27,25,1013.5
Caroline,1975,8,28,25,1012.75
Caroline,1975,8,29,38.75,1000.75
Caroline,1975,8,30,66.25,989
Caroline,1975,8,31,86.25,973
Caroline,1975,9,1,23.333333333333332,1001.3333333333334
Cesar,1984,8,31,35,1000
Cesar,1984,9,1,40,998.25
Cesar,1984,9,2,46.666666666666664,996.3333333333334
Cesar,1990,7,31,25,1013.25
Cesar,1990,8,1,27.5,1011.5
Cesar,1990,8,2,42.5,1001.75
Cesar,1990,8,3,45,1000
Cesar,1990,8,4,45,1000
Cesar,1990,8,5,43.75,1000.5
Cesar,1990,8,6,33.75,1007.5
Cesar,1990,8,7,25,1014.3333333333334
Cesar,1996,7,24,25,1009
Cesar,1996,7,25,33.75,1005.5
Cesar,1996,7,26,43.75,1002
Cesar,1996,7,27,61.25,994.5
Cesar,1996,7,28,60,993.2
Chantal,1983,9,10,27.5,1009
Chantal,1983,9,11,50,998.75
Chantal,1983,9,12,65,994
Chantal,1983,9,13,48.75,1002.5
Chantal,1983,9,14,37.5,1006.75
Chantal,1983,9,15,30,1009
Chantal,1989,7,30,22.5,1010.5
Chantal,1989,7,31,42.5,1000.25
Chantal,1989,8,1,65,988.2
Chantal,1989,8,2,25,1004.75
Chantal,1989,8,3,20,1009
Chantal,1995,7,12,26.25,1011.75
Chantal,1995,7,13,30,1010.5
Chantal,1995,7,14,36.25,1008.25
Chantal,1995,7,15,43.75,1006.5
Chantal,1995,7,16,50,999.75
Chantal,1995,7,17,58.75,994.5
Chantal,1995,7,18,52.5,994.75
Chantal,1995,7,19,50,997.5
Chantal,1995,7,20,50,999.3333333333334
Chantal,2001,8,14,25,1010
Chantal,2001,8,15,27.5,1010
Chantal,2001,8,16,30,1010.5
Chantal,2001,8,17,35,1008
Chantal,2001,8,18,50,1004
Chantal,2001,8,19,57.5,1002
Chantal,2001,8,20,51.25,1007
Chantal,2001,8,21,51,1001.4
Chantal,2001,8,22,25,1008
Chantal,2007,7,31,38.75,1002.25
Chantal,2007,8,1,45,994
Chantal,2013,7,7,35,1011
Chantal,2013,7,8,38.75,1008.5
Chantal,2013,7,9,52.5,1005
Chantal,2013,7,10,41.666666666666664,1009.6666666666666
Chantal,2019,8,20,30,1008
Chantal,2019,8,21,35,1007
Chantal,2019,8,22,30,1007
Chantal,2019,8,23,26.666666666666668,1009
Charley,1980,8,23,68.75,990.25
Charley,1980,8,24,56.25,995.75
Charley,1980,8,25,35,1003
Charley,1986,8,15,32.5,1008
Charley,1986,8,16,43.75,1000.5
Charley,1986,8,17,62,991.4
Charley,1986,8,18,63.75,990.75
Charley,1986,8,19,48.75,999.5
Charley,1986,8,20,40,1004.25
Charley,1992,9,21,25,1012
Charley,1992,9,22,35,1006.25
Charley,1992,9,23,63.75,988.5
Charley,1992,9,24,90,969.25
Charley,1992,9,25,86.25,971.5
Charley,1992,9,26,66.25,979.75
Charley,1992,9,27,56.666666666666664,980.3333333333334
Charley,1998,8,21,31.666666666666668,1008
Charley,1998,8,22,42,1002.4
Charley,1998,8,23,21.25,1006.5
Charley,1998,8,24,20,1008
Charley,2004,8,9,30,1009.5
Charley,2004,8,10,37.5,1005
Charley,2004,8,11,58.75,996.5
Charley,2004,8,12,77.5,986
Charley,2004,8,13,110.71428571428571,958.1428571428571
Charley,2004,8,14,68.33333333333333,990
Chris,1982,9,10,35,1005.25
Chris,1982,9,11,48.75,997.5
Chris,1982,9,12,28.75,1007
Chris,1988,8,21,25,1009
Chris,1988,8,22,27.5,1009
Chris,1988,8,23,30,1009
Chris,1988,8,24,30,1009
Chris,1988,8,25,30,1008.5
Chris,1988,8,26,30,1008
Chris,1988,8,27,30,1008
Chris,1988,8,28,38,1006.4
Chris,1988,8,29,25,1008
Chris,1994,8,16,30,1009
Chris,1994,8,17,46.25,1000.75
Chris,1994,8,18,63.75,987.25
Chris,1994,8,19,70,980.75
Chris,1994,8,20,55,999.5
Chris,1994,8,21,36.25,1012.25
Chris,1994,8,22,36.25,1007.5
Chris,1994,8,23,42.5,1003
Chris,2000,8,17,25,1009
Chris,2000,8,18,30,1009.25
Chris,2000,8,19,23.333333333333332,1012.3333333333334
Chris,2006,8,1,38.75,1007.5
Chris,2006,8,2,52.5,1002.25
Chris,2006,8,3,38.75,1009.75
Chris,2006,8,4,30,1011
Chris,2012,6,19,40,1003
Chris,2012,6,20,43.75,1001.25
Chris,2012,6,21,68.75,980.5
Chris,2012,6,22,55,980
Chris,2018,7,6,25,1016
Chris,2018,7,7,26.25,1014.75
Chris,2018,7,8,35,1009.25
Chris,2018,7,9,48.75,1000.25
Chris,2018,7,10,65,989.75
Chris,2018,7,11,86.25,971.75
Chris,2018,7,12,66.66666666666667,984
Clara,1977,9,5,20,1014.5
Clara,1977,9,6,23.75,1011.5
Clara,1977,9,7,30,1010
Clara,1977,9,8,52.5,998.5
Clara,1977,9,9,57.5,999.5
Clara,1977,9,10,43.75,1000.5
Clara,1977,9,11,45,1002
Claudette,1979,7,15,20,1014
Claudette,1979,7,16,27.5,1011.5
Claudette,1979,7,17,33.75,1010.75
Claudette,1979,7,18,30,1011
Claudette,1979,7,19,20,1012
Claudette,1979,7,20,20,1013
Claudette,1979,7,21,26.25,1012
Claudette,1979,7,22,30,1006.75
Claudette,1979,7,23,32.5,1003.75
Claudette,1979,7,24,41.25,1002
Claudette,1979,7,25,33.75,999
Claudette,1979,7,26,27.5,1002.5
Claudette,1979,7,27,17.5,1006
Claudette,1979,7,28,15,1008.25
Claudette,1979,7,29,15,1010.6666666666666
Claudette,1985,8,11,36.25,1003.5
Claudette,1985,8,12,45,999.25
Claudette,1985,8,13,55,992
Claudette,1985,8,14,63.75,987.25
Claudette,1985,8,15,72.5,981.75
Claudette,1985,8,16,46.25,998.75
Claudette,1991,9,4,27.5,1013
Claudette,1991,9,5,33.75,1005.5
Claudette,1991,9,6,70,981.25
Claudette,1991,9,7,109,949.8
Claudette,1991,9,8,85,964.75
Claudette,1991,9,9,76.25,978
Claudette,1991,9,10,57.5,993
Claudette,1991,9,11,36.25,1005
Claudette,1991,9,12,30,1011
Claudette,1997,7,13,31.666666666666668,1007.6666666666666
Claudette,1997,7,14,40,1003.75
Claudette,1997,7,15,36.25,1007.25
Claudette,1997,7,16,33.333333333333336,1007.3333333333334
Claudette,2003,7,8,45,1006
Claudette,2003,7,9,55,1002.5
Claudette,2003,7,10,58.75,997.75
Claudette,2003,7,11,49,1009.2
Claudette,2003,7,12,45,1007.25
Claudette,2003,7,13,47.5,1000.5
Claudette,2003,7,14,56.25,991
Claudette,2003,7,15,70,984
Claudette,2003,7,16,40,1001
Claudette,2003,7,17,30,1014
Claudette,2009,8,16,38.333333333333336,1009.6666666666666
Claudette,2009,8,17,34,1009
Claudette,2015,7,13,38.333333333333336,1005.3333333333334
Claudette,2015,7,14,43.75,1004
Colin,2010,8,2,30,1007
Colin,2010,8,3,33.333333333333336,1006.6666666666666
Colin,2010,8,5,45,1006.6666666666666
Colin,2010,8,6,42.5,1007
Colin,2010,8,7,36.25,1009.75
Colin,2010,8,8,30,1012.5
Colin,2016,6,5,32.5,1005
Colin,2016,6,6,41.25,1003.5
Colin,2016,6,7,45,1001.6666666666666
Cora,1978,8,7,25,1010
Cora,1978,8,8,42.5,1002.5
Cora,1978,8,9,73.75,986.5
Cora,1978,8,10,55,1007
Cora,1978,8,11,35,1008.25
Cora,1978,8,12,30,1010
Cristobal,2002,8,5,30,1008
Cristobal,2002,8,6,31.25,1003.5
Cristobal,2002,8,7,40,999.25
Cristobal,2002,8,8,45,1002.75
Cristobal,2008,7,19,32.5,1008
Cristobal,2008,7,20,45,1006.25
Cristobal,2008,7,21,51.25,1002.25
Cristobal,2008,7,22,53.75,999.5
Cristobal,2008,7,23,42.5,1002.5
Cristobal,2014,8,23,30,1005
Cristobal,2014,8,24,37.5,1002
Cristobal,2014,8,25,47.5,994.75
Cristobal,2014,8,26,65,988.25
Cristobal,2014,8,27,68.75,983.25
Cristobal,2014,8,28,68.75,979
Cristobal,2014,8,29,72.5,966
Cristobal,2020,6,1,25,1006
Cristobal,2020,6,2,32.5,1003.75
Cristobal,2020,6,3,48,994
Cristobal,2020,6,4,33.75,997.5
Cristobal,2020,6,5,37.5,997.75
Cristobal,2020,6,6,47.5,993.5
Cristobal,2020,6,7,45,991
Cristobal,2020,6,8,35,992
Cristobal,2020,6,9,26.25,991.5
Danielle,1980,9,4,25,1010
Danielle,1980,9,5,32.5,1007.75
Danielle,1980,9,6,32.5,1007
Danielle,1980,9,7,20,1010
Danielle,1986,9,7,30,1005.3333333333334
Danielle,1986,9,8,48.75,1001
Danielle,1986,9,9,37.5,1007
Danielle,1986,9,10,30,1012.3333333333334
Danielle,1992,9,22,37.5,1007.5
Danielle,1992,9,23,42.5,1005.25
Danielle,1992,9,24,40,1005.25
Danielle,1992,9,25,51,1004.6
Danielle,1992,9,26,33.333333333333336,1010.6666666666666
Danielle,1998,8,24,30,1006
Danielle,1998,8,25,57.5,993
Danielle,1998,8,26,83.75,980
Danielle,1998,8,27,85,993.75
Danielle,1998,8,28,80,989.75
Danielle,1998,8,29,71.25,988.5
Danielle,1998,8,30,65,988
Danielle,1998,8,31,80,978.75
Danielle,1998,9,1,86.25,969.5
Danielle,1998,9,2,73.75,971.75
Danielle,1998,9,3,68.75,965
Danielle,2004,8,13,30,1009
Danielle,2004,8,14,43.75,1002.75
Danielle,2004,8,15,76.25,980.25
Danielle,2004,8,16,91.25,968.5
Danielle,2004,8,17,90,969.75
Danielle,2004,8,18,60,991.25
Danielle,2004,8,19,37.5,1007
Danielle,2004,8,20,33.75,1010.5
Danielle,2004,8,21,28.333333333333332,1013
Danielle,2010,8,21,25,1008
Danielle,2010,8,22,33.75,1005.25
Danielle,2010,8,23,53.75,994.5
Danielle,2010,8,24,72.5,982.5
Danielle,2010,8,25,71.25,983
Danielle,2010,8,26,85,973.25
Danielle,2010,8,27,107.5,952.25
Danielle,2010,8,28,96.25,950.75
Danielle,2010,8,29,78.75,964
Danielle,2010,8,30,65,970.5
Danielle,2016,6,19,30,1008.5
Danielle,2016,6,20,35,1008
Danielle,2016,6,21,30,1010
Danny,1985,8,12,25,1010.25
Danny,1985,8,13,27.5,1011
Danny,1985,8,14,47.5,1005.5
Danny,1985,8,15,75,991
Danny,1985,8,16,37.5,997.75
Danny,1985,8,17,30,1007
Danny,1985,8,18,25,1011.5
Danny,1991,9,7,26.25,1008.75
Danny,1991,9,8,33.75,1005.5
Danny,1991,9,9,43.75,1000
Danny,1991,9,10,43.75,999
Danny,1991,9,11,33.333333333333336,1005.6666666666666
Danny,1997,7,16,27.5,1013
Danny,1997,7,17,37.5,1005.75
Danny,1997,7,18,65,991.2
Danny,1997,7,19,68,985
Danny,1997,7,20,42.5,998.5
Danny,1997,7,21,21.25,1009
Danny,1997,7,22,20,1012.25
Danny,1997,7,23,20,1012
Danny,1997,7,24,27.5,1006.5
Danny,1997,7,25,50,995
Danny,1997,7,26,45,995
Danny,2003,7,16,27.5,1016
Danny,2003,7,17,46.25,1010.25
Danny,2003,7,18,58.75,1004.5
Danny,2003,7,19,63.75,1001.25
Danny,2003,7,20,42.5,1007.25
Danny,2003,7,21,30,1009
Danny,2009,8,26,41.666666666666664,1009
Danny,2009,8,27,48.75,1006.5
Danny,2009,8,28,36.25,1007.75
Danny,2009,8,29,35,1006
Danny,2015,8,18,35,1007.6666666666666
Danny,2015,8,19,46.25,1002.75
Danny,2015,8,20,63.75,995.75
Danny,2015,8,21,98.75,970
Danny,2015,8,22,80,982
Danny,2015,8,23,47.5,1001.5
Danny,2015,8,24,35,1008
David,1979,8,25,25,1007.5
David,1979,8,26,37.5,1003
David,1979,8,27,73.75,972.5
David,1979,8,28,123.75,941.75
David,1979,8,29,122.5,939.25
David,1979,8,30,141.25,925.5
David,1979,8,31,146.25,927
David,1979,9,1,88.75,983.75
David,1979,9,2,70,987.5
David,1979,9,3,82.5,973.75
David,1979,9,4,83.75,970.25
David,1979,9,5,51.25,978
David,1979,9,6,40,989
Dean,1983,9,27,40,1000
Dean,1983,9,28,47.5,999.75
Dean,1983,9,29,55,1005.25
Dean,1983,9,30,45,1010.5
Dean,1989,7,31,26.666666666666668,1009
Dean,1989,8,1,37.5,1003
Dean,1989,8,2,61.25,995
Dean,1989,8,3,72.5,986.75
Dean,1989,8,4,75,985.25
Dean,1989,8,5,75,981.5
Dean,1989,8,6,80,975.75
Dean,1989,8,7,86.25,972
Dean,1989,8,8,59,986
Dean,1995,7,28,25,1009
Dean,1995,7,29,30,1007.75
Dean,1995,7,30,31.25,1005.25
Dean,1995,7,31,31,1001.2
Dean,1995,8,1,20,1004
Dean,1995,8,2,20,1004
Dean,2001,8,22,47.5,1009.5
Dean,2001,8,23,43.333333333333336,1010.6666666666666
Dean,2001,8,26,30,1004
Dean,2001,8,27,51.25,997.75
Dean,2001,8,28,55,996
Dean,2007,8,13,30,1005.3333333333334
Dean,2007,8,14,33.75,1004
Dean,2007,8,15,51.25,996.25
Dean,2007,8,16,72.5,979.75
Dean,2007,8,17,90,969.75
Dean,2007,8,18,136.25,931.5
Dean,2007,8,19,122.5,923.5
Dean,2007,8,20,130,925.5
Dean,2007,8,21,126,924.2
Dean,2007,8,22,75,976.4
Dean,2007,8,23,30,998
Debby,1982,9,13,30,1009.5
Debby,1982,9,14,37.5,1005.75
Debby,1982,9,15,73.75,983
Debby,1982,9,16,95,966
Debby,1982,9,17,96.25,964.5
Debby,1982,9,18,108.75,954
Debby,1982,9,19,76.25,980.75
Debby,1982,9,20,60,992
Debby,1988,8,31,25,1006
Debby,1988,9,1,26.25,1004.25
Debby,1988,9,2,46.25,998.5
Debby,1988,9,3,45,994.75
Debby,1988,9,4,30,1000.25
Debby,1988,9,5,30,1002.5
Debby,1988,9,6,27.5,1005
Debby,1988,9,7,25,1006.75
Debby,1988,9,8,21.25,1008
Debby,1994,9,9,27.5,1010.5
Debby,1994,9,10,53,1007.6
Debby,1994,9,11,50,1008
Debby,2000,8,19,30,1010
Debby,2000,8,20,37.5,1008.5
Debby,2000,8,21,67.5,1004.75
Debby,2000,8,22,66.42857142857143,993.5714285714286
Debby,2000,8,23,60,1001
Debby,2000,8,24,35,1010.6666666666666
Debby,2006,8,21,30,1007
Debby,2006,8,22,30,1006.5
Debby,2006,8,23,41.25,1001.75
Debby,2006,8,24,45,999.75
Debby,2006,8,25,41.25,1002
Debby,2006,8,26,32.5,1008.5
Debby,2012,6,23,37.5,1001.5
Debby,2012,6,24,51.25,994.75
Debby,2012,6,25,43.75,992.25
Debby,2012,6,26,39,992.8
Debby,2012,6,27,30,998.6666666666666
Debby,2018,8,8,38.75,1003
Debby,2018,8,9,41.666666666666664,1000
Diana,1984,9,8,37.5,1007
Diana,1984,9,9,52.5,1000.25
Diana,1984,9,10,63.75,991.5
Diana,1984,9,11,93.75,966.25
Diana,1984,9,12,98.75,962.25
Diana,1984,9,13,73,983.6
Diana,1984,9,14,45,1002.75
Diana,1984,9,15,58.75,993.75
Diana,1984,9,16,60,994
Diana,1990,8,4,26.25,1007.5
Diana,1990,8,5,46,999.2
Diana,1990,8,6,46.25,1000
Diana,1990,8,7,74,986.8
Diana,1990,8,8,40,1006
Diana,1990,8,9,21.666666666666668,1010
Don,2011,7,27,31.666666666666668,1005.3333333333334
Don,2011,7,28,37.5,1001.25
Don,2011,7,29,45,1000.75
Don,2011,7,30,32.5,1006.5
Don,2017,7,17,35,1008.6666666666666
Don,2017,7,18,40,1008
Dorian,2013,7,23,25,1008
Dorian,2013,7,24,37.5,1005.5
Dorian,2013,7,25,48.75,1002.75
Dorian,2013,7,26,43.75,1007.25
Dorian,2013,7,27,35,1012
Dorian,2013,8,2,25,1013
Dorian,2013,8,3,30,1013
Dorian,2019,8,24,30,1009.6666666666666
Dorian,2019,8,25,38.75,1007.5
Dorian,2019,8,26,45,1006.25
Dorian,2019,8,27,45,1004.8333333333334
Dorian,2019,8,28,60,998.2
Dorian,2019,8,29,75,986.5
Dorian,2019,8,30,91.25,974
Dorian,2019,8,31,122.5,945.5
Dorian,2019,9,1,151,924
Dorian,2019,9,2,143,921.8
Dorian,2019,9,3,103.75,951.75
Dorian,2019,9,4,91.25,961.5
Dorian,2019,9,5,98.75,957.25
Dorian,2019,9,6,87,956
Dorian,2019,9,7,85,955
Doris,1975,8,29,47.5,1002.5
Doris,1975,8,30,55,997
Doris,1975,8,31,67.5,990
Doris,1975,9,1,75,984
Doris,1975,9,2,93.75,966.25
Doris,1975,9,3,93.75,966.25
Doris,1975,9,4,60,995
Edouard,1984,9,14,37.5,1000.25
Edouard,1984,9,15,35,1000.3333333333334
Edouard,1990,8,6,25,1010
Edouard,1990,8,7,25,1008.5
Edouard,1990,8,8,31.25,1006.5
Edouard,1990,8,9,36.25,1004.5
Edouard,1990,8,10,32.5,1008
Edouard,1990,8,11,30,1010
Edouard,1996,8,19,25,1007
Edouard,1996,8,20,25,1007
Edouard,1996,8,21,25,1006.75
Edouard,1996,8,22,36.25,1004
Edouard,1996,8,23,56.25,992.5
Edouard,1996,8,24,83.75,973.25
Edouard,1996,8,25,123.75,936
Edouard,1996,8,26,125,936.75
Edouard,1996,8,27,118.75,948.25
Edouard,1996,8,28,115,953
Edouard,1996,8,29,113.75,954
Edouard,1996,8,30,120,938
Edouard,1996,8,31,105,949.75
Edouard,1996,9,1,95,958.75
Edouard,1996,9,2,71.25,964.75
Edouard,1996,9,3,60,978
Edouard,2002,9,1,30,1013
Edouard,2002,9,2,33.75,1007.5
Edouard,2002,9,3,42.5,1003
Edouard,2002,9,4,36.25,1005.5
Edouard,2002,9,5,27,1010
Edouard,2002,9,6,20,1009
Edouard,2008,8,3,27.5,1009.5
Edouard,2008,8,4,41.25,1002.5
Edouard,2008,8,5,50,997.75
Edouard,2008,8,6,30,1003
Edouard,2014,9,11,30,1007.5
Edouard,2014,9,12,37.5,1002.5
Edouard,2014,9,13,45,996.5
Edouard,2014,9,14,65,987.5
Edouard,2014,9,15,87.5,968.25
Edouard,2014,9,16,98.75,957.25
Edouard,2014,9,17,82.5,957.25
Edouard,2014,9,18,70,966
Edouard,2014,9,19,53.333333333333336,987.3333333333334
Edouard,2020,7,4,30,1008
Edouard,2020,7,5,30,1007
Edouard,2020,7,6,37.5,1005.75
Eight,2009,9,25,30,1008
Eight,2009,9,26,28.75,1008
Eight,2013,9,6,30,1008.5
Eight,2013,9,7,25,1009
Eight,2016,8,28,30,1010
Eight,2016,8,29,30,1010.75
Eight,2016,8,30,30,1011.25
Eight,2016,8,31,30,1010.5
Eight,2016,9,1,30,1010
Eleven,2018,9,21,30,1008
Eleven,2018,9,22,27.5,1007.5
Emily,1981,9,1,42.5,995
Emily,1981,9,2,51.25,989
Emily,1981,9,3,58.75,981
Emily,1981,9,4,68.75,973.25
Emily,1981,9,5,76.25,967.75
Emily,1981,9,6,78.75,969
Emily,1981,9,7,70,975
Emily,1981,9,8,57.5,985
Emily,1981,9,9,51.25,991.5
Emily,1981,9,10,41.25,998.5
Emily,1981,9,11,36.666666666666664,1003.6666666666666
Emily,1987,9,20,28.75,1006.5
Emily,1987,9,21,43.75,1003.5
Emily,1987,9,22,85,974.75
Emily,1987,9,23,73,983.2
Emily,1987,9,24,43.75,1001.25
Emily,1987,9,25,70,981.2
Emily,1987,9,26,70,979.3333333333334
Emily,1993,8,22,30,1020
Emily,1993,8,23,30,1020
Emily,1993,8,24,30,1019.75
Emily,1993,8,25,33.75,1016.5
Emily,1993,8,26,56.25,1008.5
Emily,1993,8,27,61.25,992.75
Emily,1993,8,28,75,980
Emily,1993,8,29,70,977
Emily,1993,8,30,72.5,975.5
Emily,1993,8,31,92,966
Emily,1993,9,1,96.25,964
Emily,1993,9,2,88.75,972.5
Emily,1993,9,3,71.25,983.25
Emily,1993,9,4,38.75,1002
Emily,1993,9,5,27.5,1009.5
Emily,1993,9,6,25,1012.5
Emily,1999,8,24,36.666666666666664,1005.6666666666666
Emily,1999,8,25,41.25,1005.75
Emily,1999,8,26,38.75,1008
Emily,1999,8,27,36.25,1009.25
Emily,1999,8,28,35,1008.3333333333334
Emily,2005,7,11,28.75,1008.75
Emily,2005,7,12,41.25,1004.75
Emily,2005,7,13,48.75,1003
Emily,2005,7,14,81,986
Emily,2005,7,15,108.75,961
Emily,2005,7,16,123.75,948
Emily,2005,7,17,132.5,940.75
Emily,2005,7,18,96,964
Emily,2005,7,19,80,974.25
Emily,2005,7,20,100,952.75
Emily,2005,7,21,33.333333333333336,1000.6666666666666
Emily,2011,8,2,40,1006.25
Emily,2011,8,3,45,1003.25
Emily,2011,8,4,45,1004.3333333333334
Emily,2011,8,6,30,1011
Emily,2011,8,7,35,1009.5
Emily,2017,7,30,30,1009
Emily,2017,7,31,41,1004.6
Emily,2017,8,1,30,1008.5
Epsilon,2005,11,29,45,993
Epsilon,2005,11,30,50,991.75
Epsilon,2005,12,1,51.25,991.75
Epsilon,2005,12,2,58.75,989.25
Epsilon,2005,12,3,65,987
Epsilon,2005,12,4,67.5,985.75
Epsilon,2005,12,5,72.5,983
Epsilon,2005,12,6,65,986.5
Epsilon,2005,12,7,63.75,988
Epsilon,2005,12,8,38.333333333333336,1001.6666666666666
Epsilon,2020,10,19,35,1000.3333333333334
Epsilon,2020,10,20,47.5,995
Epsilon,2020,10,21,81.25,971.5
Epsilon,2020,10,22,86.25,960.75
Epsilon,2020,10,23,75,966.5
Epsilon,2020,10,24,73.75,959
Epsilon,2020,10,25,63.75,963.75
Epsilon,2020,10,26,60,968
Erika,1991,9,8,25,1011
Erika,1991,9,9,30,1007.75
Erika,1991,9,10,46.25,999.25
Erika,1991,9,11,46.25,999.5
Erika,1991,9,12,33.333333333333336,1008.3333333333334
Erika,1997,9,3,31.666666666666668,1005
Erika,1997,9,4,52.5,1000.5
Erika,1997,9,5,65,995.25
Erika,1997,9,6,70,984
Erika,1997,9,7,78.75,975.5
Erika,1997,9,8,102.5,959
Erika,1997,9,9,110,948
Erika,1997,9,10,97.5,962.5
Erika,1997,9,11,72.5,980.5
Erika,1997,9,12,55,993.5
Erika,1997,9,13,45,995
Erika,1997,9,14,51.25,990.75
Erika,1997,9,15,53.75,983.75
Erika,2003,8,14,35,1011
Erika,2003,8,15,43.75,1006
Erika,2003,8,16,56,992
Erika,2003,8,17,25,1008
Erika,2009,9,1,45,1007
Erika,2009,9,2,39,1006.6
Erika,2009,9,3,36.25,1008.25
Erika,2015,8,24,40,1003
Erika,2015,8,25,38.75,1003.25
Erika,2015,8,26,37.5,1005.25
Erika,2015,8,27,43.75,1004.25
Erika,2015,8,28,45,1006.6666666666666
Erin,1989,8,18,26.25,1011.25
Erin,1989,8,19,31.25,1007.25
Erin,1989,8,20,38.75,1002.5
Erin,1989,8,21,46.25,997.25
Erin,1989,8,22,62.5,987.5
Erin,1989,8,23,76.25,978
Erin,1989,8,24,87.5,970.75
Erin,1989,8,25,88.75,970.25
Erin,1989,8,26,72.5,981.25
Erin,1989,8,27,60,991
Erin,1995,7,31,52.5,1000.75
Erin,1995,8,1,73.75,986.25
Erin,1995,8,2,67,985.8
Erin,1995,8,3,73.33333333333333,978.1666666666666
Erin,1995,8,4,30,1001
Erin,1995,8,5,20,1003
Erin,1995,8,6,20,1005.3333333333334
Erin,2001,9,1,30,1006
Erin,2001,9,2,40,1003.25
Erin,2001,9,3,46.25,1002.75
Erin,2001,9,4,43.75,1000.5
Erin,2001,9,5,41.666666666666664,1004.3333333333334
Erin,2001,9,6,25,1013
Erin,2001,9,7,30,1008.25
Erin,2001,9,8,45,999
Erin,2001,9,9,91.25,979
Erin,2001,9,10,100,969.25
Erin,2001,9,11,80,975.25
Erin,2001,9,12,76.25,978.25
Erin,2001,9,13,71.25,981.25
Erin,2001,9,14,66.25,985
Erin,2001,9,15,60,981
Erin,2007,8,15,28.75,1005.25
Erin,2007,8,16,31,1005.2
Erin,2007,8,17,25,1006.5
Erin,2013,8,15,33.75,1007.25
Erin,2013,8,16,35,1007
Erin,2013,8,17,37.5,1006.5
Erin,2013,8,18,35,1007
Erin,2019,8,26,30,1010
Erin,2019,8,27,31.25,1008.25
Erin,2019,8,28,33.75,1002.75
Erin,2019,8,29,30,1003
Ernesto,1982,9,30,30,1005.5
Ernesto,1982,10,1,38.75,1003
Ernesto,1982,10,2,52.5,998.25
Ernesto,1988,9,3,28.75,1010
Ernesto,1988,9,4,46.25,998.25
Ernesto,1988,9,5,55,994
Ernesto,1994,9,21,25,1010
Ernesto,1994,9,22,33.75,1006
Ernesto,1994,9,23,47.5,999
Ernesto,1994,9,24,33.75,1006
Ernesto,1994,9,25,25,1010
Ernesto,1994,9,26,20,1011
Ernesto,2000,9,1,27.5,1009
Ernesto,2000,9,2,33.75,1008.25
Ernesto,2000,9,3,33.75,1008.25
Ernesto,2006,8,24,30,1008
Ernesto,2006,8,25,32.5,1005.25
Ernesto,2006,8,26,47.5,998.75
Ernesto,2006,8,27,55,996.5
Ernesto,2006,8,28,37,1004.8
Ernesto,2006,8,29,38.75,1006
Ernesto,2006,8,30,38.333333333333336,1002.6666666666666
Ernesto,2006,8,31,48.75,996.75
Ernesto,2006,9,1,50,987.25
Ernesto,2012,8,1,30,1008
Ernesto,2012,8,2,35,1007.25
Ernesto,2012,8,3,41.25,1004
Ernesto,2012,8,4,43.75,1004.75
Ernesto,2012,8,5,45,1005.75
Ernesto,2012,8,6,51.25,998
Ernesto,2012,8,7,62.5,989.5
Ernesto,2012,8,8,72.5,979.6666666666666
Ernesto,2012,8,9,55,991.2
Ernesto,2012,8,10,35,999.5
Ernesto,2018,8,16,40,1007
Ernesto,2018,8,17,40,1005.25
Eta,2020,10,31,30,1006
Eta,2020,11,1,40,1001
Eta,2020,11,2,83.75,972.5
Eta,2020,11,3,125,933.4
Eta,2020,11,4,63.75,984
Eta,2020,11,5,30,1002
Eta,2020,11,6,30,1004
Eta,2020,11,7,41.25,998.5
Eta,2020,11,8,54,991.8
Eta,2020,11,9,52,993
Eta,2020,11,10,47.5,993.5
Eta,2020,11,11,60,987.5
Eta,2020,11,12,45,997.2
Eta,2020,11,13,40,1004
Evelyn,1977,10,13,30,1010
Evelyn,1977,10,14,38.75,1003.5
Evelyn,1977,10,15,68.75,996.75
Fabian,1985,9,15,25,1008
Fabian,1985,9,16,31.25,1005.5
Fabian,1985,9,17,51.25,996.25
Fabian,1985,9,18,55,994
Fabian,1985,9,19,55,994
Fabian,1991,10,15,34,1007
Fabian,1991,10,16,40,1003.75
Fabian,1997,10,4,25,1009
Fabian,1997,10,5,28.75,1007.5
Fabian,1997,10,6,35,1005
Fabian,1997,10,7,35,1004.75
Fabian,1997,10,8,35,1005
Fabian,2003,8,27,25,1009
Fabian,2003,8,28,33.75,1006.5
Fabian,2003,8,29,51.25,996
Fabian,2003,8,30,80,976
Fabian,2003,8,31,111.25,951
Fabian,2003,9,1,121.25,946.75
Fabian,2003,9,2,121.25,944.75
Fabian,2003,9,3,111.25,944.75
Fabian,2003,9,4,108.75,942
Fabian,2003,9,5,107.5,946.75
Fabian,2003,9,6,100,956
Fabian,2003,9,7,82.5,966.5
Fabian,2003,9,8,68.33333333333333,977.3333333333334
Fay,2002,9,5,30,1009
Fay,2002,9,6,45,1002.75
Fay,2002,9,7,41,1000
Fay,2002,9,8,20,1003
Fay,2008,8,15,33.333333333333336,1009.6666666666666
Fay,2008,8,16,40,1007.4
Fay,2008,8,17,45,1004.2
Fay,2008,8,18,47.5,1001.1666666666666
Fay,2008,8,19,55,991.2
Fay,2008,8,20,48.75,992.75
Fay,2008,8,21,52,993
Fay,2008,8,22,46.25,995.5
Fay,2008,8,23,43,997.4
Fay,2008,8,24,30,999.75
Fay,2008,8,25,27.5,1001.75
Fay,2008,8,26,20,1003
Fay,2008,8,27,15,1005
Fay,2014,10,11,58.333333333333336,990.6666666666666
Fay,2014,10,12,65,985
Fay,2014,10,13,50,990
Fay,2020,7,9,40,1006
Fay,2020,7,10,46,1000.8
Fay,2020,7,11,35,1000
Felix,1989,8,26,30,1007.25
Felix,1989,8,27,42.5,1000.5
Felix,1989,8,28,51.25,995.25
Felix,1989,8,29,36.25,1003
Felix,1989,8,30,30,1009
Felix,1989,8,31,30,1010
Felix,1989,9,1,30,1009
Felix,1989,9,2,30,1008
Felix,1989,9,3,35,1005
Felix,1989,9,4,42.5,1002.25
Felix,1989,9,5,66.25,986
Felix,1989,9,6,72.5,981
Felix,1989,9,7,57.5,991
Felix,1989,9,8,45,998.75
Felix,1989,9,9,35,1005
Felix,1995,8,8,31.25,1007.5
Felix,1995,8,9,43.75,1002
Felix,1995,8,10,56.25,994.25
Felix,1995,8,11,76.25,976
Felix,1995,8,12,111.25,939.75
Felix,1995,8,13,103.75,939
Felix,1995,8,14,81.25,956.5
Felix,1995,8,15,72.5,964.75
Felix,1995,8,16,70,966.75
Felix,1995,8,17,65,971
Felix,1995,8,18,66.25,971.25
Felix,1995,8,19,70,971
Felix,1995,8,20,61.25,980.5
Felix,1995,8,21,53.75,987.75
Felix,1995,8,22,50,986
Felix,2001,9,7,30,1008
Felix,2001,9,8,30,1007.3333333333334
Felix,2001,9,10,30,1007.6666666666666
Felix,2001,9,11,32.5,1004
Felix,2001,9,12,50,996.25
Felix,2001,9,13,80,976
Felix,2001,9,14,96.25,965
Felix,2001,9,15,88.75,971.25
Felix,2001,9,16,77.5,976.75
Felix,2001,9,17,62.5,984.75
Felix,2001,9,18,37.5,999
Felix,2001,9,19,25,1002
Felix,2007,8,31,27.5,1008.5
Felix,2007,9,1,46,1002.6
Felix,2007,9,2,88.75,979.75
Felix,2007,9,3,141,936.4
Felix,2007,9,4,118.75,946.25
Felix,2007,9,5,37.5,993
Fernand,2013,8,25,37.5,1005
Fernand,2013,8,26,43.75,1002.25
Fernand,2019,9,3,37.5,1003
Fernand,2019,9,4,40,1002
Fernand,2019,9,5,25,1007
Fifteen,2007,10,11,30,1011
Fifteen,2007,10,12,27.5,1011.25
Fifteen,2019,10,14,30,1006
Fifteen,2019,10,15,30,1006.25
Fifteen,2019,10,16,30,1009
Fiona,2010,8,30,32.5,1007
Fiona,2010,8,31,36.25,1006.25
Fiona,2010,9,1,50,1000.5
Fiona,2010,9,2,46.25,1001.5
Fiona,2010,9,3,37.5,1008.25
Fiona,2016,8,16,25,1009
Fiona,2016,8,17,32.5,1007.5
Fiona,2016,8,18,38.75,1006
Fiona,2016,8,19,42.5,1004.75
Fiona,2016,8,20,42.5,1004.5
Fiona,2016,8,21,38.75,1005.25
Fiona,2016,8,22,31.25,1008
Fiona,2016,8,23,27.5,1011
Five,2010,8,10,30,1008
Five,2010,8,11,30,1008
Floyd,1981,9,3,20,1010
Floyd,1981,9,4,26.25,1006.75
Floyd,1981,9,5,56.25,999.5
Floyd,1981,9,6,87.5,989.5
Floyd,1981,9,7,100,977.25
Floyd,1981,9,8,82.5,996.25
Floyd,1981,9,9,45,1006.5
Floyd,1981,9,10,40,1007.5
Floyd,1981,9,11,40,1008
Floyd,1981,9,12,38.333333333333336,1009
Floyd,1987,10,9,25,1002.6666666666666
Floyd,1987,10,10,31.25,999
Floyd,1987,10,11,43.75,997.5
Floyd,1987,10,12,62,993.6
Floyd,1987,10,13,51.666666666666664,994.3333333333334
Floyd,1993,9,7,32.5,1011
Floyd,1993,9,8,42.5,1010.75
Floyd,1993,9,9,48.75,1000.75
Floyd,1993,9,10,65,990
Floyd,1999,9,7,25,1008
Floyd,1999,9,8,37.5,1003.75
Floyd,1999,9,9,50,1000.5
Floyd,1999,9,10,65,987.25
Floyd,1999,9,11,90,965.5
Floyd,1999,9,12,100,955.5
Floyd,1999,9,13,130,924.25
Floyd,1999,9,14,109,928.6
Floyd,1999,9,15,105,939.5
Floyd,1999,9,16,80,960.6
Floyd,1999,9,17,50,981.5
Four,2017,7,5,25,1010
Four,2017,7,6,25,1009.75
Four,2017,7,7,25,1011
Franklin,2005,7,21,30,1010
Franklin,2005,7,22,42.5,1007.5
Franklin,2005,7,23,53.75,1001.5
Franklin,2005,7,24,50,1000.75
Franklin,2005,7,25,40,999.5
Franklin,2005,7,26,35,1001
Franklin,2005,7,27,42.5,999.5
Franklin,2005,7,28,48.75,997.5
Franklin,2005,7,29,50,997.5
Franklin,2011,8,12,30,1009
Franklin,2011,8,13,35,1006
Franklin,2017,8,7,42.5,1002.75
Franklin,2017,8,8,45,996.6
Franklin,2017,8,9,55,990.25
Franklin,2017,8,10,57.5,990.5
Fred,2009,9,7,30,1005
Fred,2009,9,8,48.75,997
Fred,2009,9,9,91.25,967.75
Fred,2009,9,10,87.5,971
Fred,2009,9,11,68.75,984
Fred,2009,9,12,41.666666666666664,1001
Fred,2015,8,30,41.25,1003.5
Fred,2015,8,31,70,988.75
Fred,2015,9,1,55,997
Fred,2015,9,2,40,1004.5
Fred,2015,9,3,37.5,1005.25
Fred,2015,9,4,32.5,1005.25
Fred,2015,9,5,32.5,1007.25
Fred,2015,9,6,28.333333333333332,1009.6666666666666
Frederic,1979,8,29,28.333333333333332,1008.6666666666666
Frederic,1979,8,30,33.75,1005.25
Frederic,1979,8,31,51.25,995.5
Frederic,1979,9,1,63.75,988.25
Frederic,1979,9,2,58.75,995.25
Frederic,1979,9,3,52.5,1000.25
Frederic,1979,9,4,46.25,1003.5
Frederic,1979,9,5,42.5,1007
Frederic,1979,9,6,35,1005.5
Frederic,1979,9,7,26.25,1005.25
Frederic,1979,9,8,30,1002.5
Frederic,1979,9,9,42.5,999.25
Frederic,1979,9,10,62.5,991
Frederic,1979,9,11,83.75,979
Frederic,1979,9,12,110,951.25
Frederic,1979,9,13,80,965.25
Frederic,1979,9,14,36.666666666666664,994.3333333333334
Gabrielle,1989,8,30,27.5,1010
Gabrielle,1989,8,31,42.5,1001
Gabrielle,1989,9,1,65,987
Gabrielle,1989,9,2,82.5,975.25
Gabrielle,1989,9,3,102,949.2
Gabrielle,1989,9,4,112.5,940.25
Gabrielle,1989,9,5,125,941.75
Gabrielle,1989,9,6,121.25,943.5
Gabrielle,1989,9,7,103.75,948
Gabrielle,1989,9,8,87.5,959.25
Gabrielle,1989,9,9,68.75,986
Gabrielle,1989,9,10,60,994.5
Gabrielle,1989,9,11,42.5,1002.5
Gabrielle,1989,9,12,32.5,1006.5
Gabrielle,1989,9,13,30,1009.6666666666666
Gabrielle,1995,8,9,30,1007
Gabrielle,1995,8,10,33.75,1000.5
Gabrielle,1995,8,11,54,991.4
Gabrielle,1995,8,12,30,999
Gabrielle,2001,9,11,25,1010
Gabrielle,2001,9,12,26.25,1008
Gabrielle,2001,9,13,33.75,1002.75
Gabrielle,2001,9,14,50,991.5
Gabrielle,2001,9,15,41.25,996.75
Gabrielle,2001,9,16,52.5,996.5
Gabrielle,2001,9,17,67.5,987
Gabrielle,2001,9,18,57.5,986.75
Gabrielle,2001,9,19,60,975
Gabrielle,2007,9,8,35,1009
Gabrielle,2007,9,9,46,1005.2
Gabrielle,2007,9,10,32.5,1008.5
Gabrielle,2007,9,11,30,1010
Gabrielle,2013,9,4,30,1010
Gabrielle,2013,9,5,30,1008.6666666666666
Gabrielle,2013,9,10,43.75,1004.75
Gabrielle,2013,9,11,42.5,1007.5
Gabrielle,2013,9,12,32.5,1008.5
Gabrielle,2013,9,13,31.666666666666668,1006.6666666666666
Gabrielle,2019,9,3,30,1006
Gabrielle,2019,9,4,41.25,1003.5
Gabrielle,2019,9,5,43.75,1001.25
Gabrielle,2019,9,6,38.75,1003.75
Gabrielle,2019,9,7,46.25,1001.75
Gabrielle,2019,9,8,50,999
Gabrielle,2019,9,9,51.25,996.5
Gabrielle,2019,9,10,45,999
Gamma,2005,11,14,30,1006
Gamma,2005,11,15,32.5,1004.25
Gamma,2005,11,16,28.333333333333332,1006
Gamma,2005,11,18,35,1006
Gamma,2005,11,19,41.25,1003.75
Gamma,2005,11,20,33.75,1006.25
Gamma,2005,11,21,25,1008
Gamma,2020,10,2,31.666666666666668,1004.3333333333334
Gamma,2020,10,3,53,987.4
Gamma,2020,10,4,50,994.25
Gamma,2020,10,5,41.25,1000.75
Gamma,2020,10,6,28.75,1005.5
Gaston,2004,8,27,25,1014.5
Gaston,2004,8,28,40,1003.25
Gaston,2004,8,29,58,989.6
Gaston,2004,8,30,28.75,998.75
Gaston,2004,8,31,35,1000.5
Gaston,2004,9,1,42.5,999
Gaston,2010,9,1,33.333333333333336,1005.6666666666666
Gaston,2010,9,2,30,1007
Gaston,2016,8,22,32.5,1007.5
Gaston,2016,8,23,48.75,1004.25
Gaston,2016,8,24,61.25,994.25
Gaston,2016,8,25,61.25,991
Gaston,2016,8,26,55,996
Gaston,2016,8,27,58.75,993.25
Gaston,2016,8,28,86.25,971.75
Gaston,2016,8,29,97.5,961.5
Gaston,2016,8,30,87.5,967.75
Gaston,2016,8,31,101.25,958.75
Gaston,2016,9,1,82.5,974.75
Gaston,2016,9,2,65,988.3333333333334
Georges,1980,9,1,30,1010
Georges,1980,9,2,30,1010
Georges,1980,9,3,28.75,1010.25
Georges,1980,9,4,20,1012
Georges,1980,9,7,47.5,1000.75
Georges,1980,9,8,68.75,993
Georges,1998,9,15,30,1009
Georges,1998,9,16,32.5,1006.5
Georges,1998,9,17,53.75,994.5
Georges,1998,9,18,81.25,976
Georges,1998,9,19,105,959.5
Georges,1998,9,20,127.5,942.75
Georges,1998,9,21,97.85714285714286,966.4285714285714
Georges,1998,9,22,98,967.6
Georges,1998,9,23,66,990.6
Georges,1998,9,24,68.75,990.5
Georges,1998,9,25,87,982.2
Georges,1998,9,26,90,974.5
Georges,1998,9,27,95,965.75
Georges,1998,9,28,86,967.6
Georges,1998,9,29,37.5,992
Georges,1998,9,30,27.5,1001
Georges,1998,10,1,22.5,1007
Gert,1981,9,7,28.75,1011.75
Gert,1981,9,8,46.25,1004.75
Gert,1981,9,9,38.75,1009.5
Gert,1981,9,10,55,1003.75
Gert,1981,9,11,86.25,989.75
Gert,1981,9,12,83.75,992
Gert,1981,9,13,52.5,1006.5
Gert,1981,9,14,36.25,1011.25
Gert,1981,9,15,25,1012
Gert,1993,9,14,25,1008
Gert,1993,9,15,32.5,1003
Gert,1993,9,16,28.75,1006
Gert,1993,9,17,27.5,1004.75
Gert,1993,9,18,32.5,1002
Gert,1993,9,19,37.5,996.5
Gert,1993,9,20,74,978
Gert,1993,9,21,37.5,997.5
Gert,1999,9,11,30,1005.5
Gert,1999,9,12,35,1002.25
Gert,1999,9,13,62.5,987
Gert,1999,9,14,86.25,969.75
Gert,1999,9,15,112.5,944
Gert,1999,9,16,126.25,936
Gert,1999,9,17,120,945.25
Gert,1999,9,18,106.25,952.5
Gert,1999,9,19,113.75,946.25
Gert,1999,9,20,107.5,947.75
Gert,1999,9,21,87.5,953.75
Gert,1999,9,22,71.25,961.5
Gert,1999,9,23,60,966
Gert,2005,7,23,25,1011
Gert,2005,7,24,33.75,1008.25
Gert,2005,7,25,31.666666666666668,1005.6666666666666
Gert,2011,8,13,30,1011
Gert,2011,8,14,36.25,1010.25
Gert,2011,8,15,50,1003
Gert,2011,8,16,45,1006
Gert,2017,8,12,30,1013
Gert,2017,8,13,35,1012
Gert,2017,8,14,47.5,1003.25
Gert,2017,8,15,66.25,985
Gert,2017,8,16,83.75,970
Gert,2017,8,17,76.66666666666667,971
Gilbert,1988,9,8,25,1008
Gilbert,1988,9,9,30,1005.5
Gilbert,1988,9,10,47.5,996.75
Gilbert,1988,9,11,85,979
Gilbert,1988,9,12,110,961.2
Gilbert,1988,9,13,122.5,937.75
Gilbert,1988,9,14,146,898.8
Gilbert,1988,9,15,91.25,948.25
Gilbert,1988,9,16,110,949.6
Gilbert,1988,9,17,48.75,987
Gilbert,1988,9,18,27.5,1003
Gilbert,1988,9,19,25,1000.6666666666666
Gloria,1976,9,26,20,1008
Gloria,1976,9,27,33.75,999.25
Gloria,1976,9,28,58.75,992
Gloria,1976,9,29,65,981
Gloria,1976,9,30,86.25,974.75
Gloria,1976,10,1,82.5,988.75
Gloria,1976,10,2,61.25,994.5
Gloria,1976,10,3,43.75,998.75
Gloria,1976,10,4,31.25,1004
Gloria,1979,9,4,25,1004.5
Gloria,1979,9,5,27.5,1002.25
Gloria,1979,9,6,35,1000
Gloria,1979,9,7,63.75,991.25
Gloria,1979,9,8,75,985
Gloria,1979,9,9,73.75,985.5
Gloria,1979,9,10,65,991.75
Gloria,1979,9,11,58.75,994
Gloria,1979,9,12,77.5,982
Gloria,1979,9,13,83.75,976.5
Gloria,1979,9,14,75,983
Gloria,1979,9,15,65,992
Gloria,1985,9,16,25,1008.5
Gloria,1985,9,17,32.5,1007.5
Gloria,1985,9,18,33.75,1006
Gloria,1985,9,19,30,1006
Gloria,1985,9,20,41.25,1003.5
Gloria,1985,9,21,57.5,1000.5
Gloria,1985,9,22,67.5,994.5
Gloria,1985,9,23,67.5,986.5
Gloria,1985,9,24,100,948.25
Gloria,1985,9,25,113.75,924.75
Gloria,1985,9,26,82.5,943.5
Gloria,1985,9,27,84.16666666666667,950.3333333333334
Gonzalo,2014,10,12,33.75,1007
Gonzalo,2014,10,13,64.28571428571429,990.7142857142857
Gonzalo,2014,10,14,91.25,975
Gonzalo,2014,10,15,113.75,952.75
Gonzalo,2014,10,16,118.75,945.75
Gonzalo,2014,10,17,112.5,945.75
Gonzalo,2014,10,18,90,956.6
Gonzalo,2014,10,19,78.33333333333333,967.6666666666666
Gonzalo,2020,7,21,30,1008
Gonzalo,2020,7,22,37.5,1004.25
Gonzalo,2020,7,23,52.5,998
Gonzalo,2020,7,24,45,1003
Gonzalo,2020,7,25,33,1008.4
Gordon,1994,11,8,25,1008.5
Gordon,1994,11,9,30,1007
Gordon,1994,11,10,31.25,1007.25
Gordon,1994,11,11,35,1004.5
Gordon,1994,11,12,38.75,999.25
Gordon,1994,11,13,38.333333333333336,1000.1666666666666
Gordon,1994,11,14,43.75,998
Gordon,1994,11,15,45,998.6
Gordon,1994,11,16,45,996.2
Gordon,1994,11,17,58.75,987.5
Gordon,1994,11,18,68.75,982.75
Gordon,1994,11,19,42.5,998.25
Gordon,1994,11,20,30,1008.25
Gordon,1994,11,21,22,1011.8
Gordon,2000,9,14,25,1007.5
Gordon,2000,9,15,26.25,1005.25
Gordon,2000,9,16,51.25,993
Gordon,2000,9,17,66.25,984.5
Gordon,2000,9,18,46.25,996.5
Gordon,2006,9,10,25,1012
Gordon,2006,9,11,33.75,1008.5
Gordon,2006,9,12,51.25,998.75
Gordon,2006,9,13,77.5,979
Gordon,2006,9,14,105,956.25
Gordon,2006,9,15,90,968.5
Gordon,2006,9,16,68.75,984.25
Gordon,2006,9,17,67.5,985
Gordon,2006,9,18,78.75,977
Gordon,2006,9,19,82.5,974.5
Gordon,2006,9,20,67.5,981.5
Gordon,2012,8,15,30,1012.5
Gordon,2012,8,16,43.75,1005.75
Gordon,2012,8,17,56.25,995.75
Gordon,2012,8,18,72.5,981.25
Gordon,2012,8,19,88.75,970
Gordon,2012,8,20,65,984.75
Gordon,2018,9,3,41.666666666666664,1006.5
Gordon,2018,9,4,56.25,1001.5
Gordon,2018,9,5,44,1003.2
Gordon,2018,9,6,18.333333333333332,1013.6666666666666
Gustav,1984,9,16,30,1009
Gustav,1984,9,17,30,1009
Gustav,1984,9,18,33.75,1008.25
Gustav,1984,9,19,45,1006
Gustav,1990,8,24,28.333333333333332,1008.6666666666666
Gustav,1990,8,25,42.5,1002.75
Gustav,1990,8,26,62.5,991
Gustav,1990,8,27,86.25,971.25
Gustav,1990,8,28,87.5,971.5
Gustav,1990,8,29,73.75,981.5
Gustav,1990,8,30,87.5,969.5
Gustav,1990,8,31,101.25,958.5
Gustav,1990,9,1,87.5,968.75
Gustav,1990,9,2,67.5,983.25
Gustav,1990,9,3,55,993
Gustav,1996,8,26,30,1008
Gustav,1996,8,27,30,1007.5
Gustav,1996,8,28,33.75,1005.5
Gustav,1996,8,29,40,1005
Gustav,1996,8,30,35,1005.5
Gustav,1996,8,31,35,1007.75
Gustav,1996,9,1,33.75,1008
Gustav,1996,9,2,30,1008
Gustav,2002,9,10,52.5,986
Gustav,2002,9,11,67.5,973.75
Gustav,2002,9,12,76,961
Gustav,2008,8,25,35,1002.75
Gustav,2008,8,26,71.25,987.5
Gustav,2008,8,27,46.25,997.75
Gustav,2008,8,28,51.25,990.5
Gustav,2008,8,29,58,987.4
Gustav,2008,8,30,106,956.4
Gustav,2008,8,31,105,957.75
Gustav,2008,9,1,92,954.8
Gustav,2008,9,2,37.5,983.5
Gustav,2008,9,3,20,996.75
Gustav,2008,9,4,15,998.5
Hanna,2002,9,12,33.75,1001
Hanna,2002,9,13,41.25,1002
Hanna,2002,9,14,46.666666666666664,1002.8333333333334
Hanna,2002,9,15,20,1011.3333333333334
Hanna,2008,8,28,32.5,1004.25
Hanna,2008,8,29,43.75,1000.25
Hanna,2008,8,30,45,1000
Hanna,2008,8,31,43.75,998.5
Hanna,2008,9,1,56.25,992
Hanna,2008,9,2,63.75,981.25
Hanna,2008,9,3,50,992.6
Hanna,2008,9,4,56.25,989.25
Hanna,2008,9,5,56.25,982.75
Hanna,2008,9,6,54,984
Hanna,2008,9,7,45,994
Hanna,2014,10,22,30,1001.5
Hanna,2014,10,27,33,1005.4
Hanna,2014,10,28,30,1007
Hanna,2020,7,23,27.5,1008.25
Hanna,2020,7,24,42.5,1000
Hanna,2020,7,25,70.83333333333333,980.3333333333334
Hanna,2020,7,26,50,989.75
Harvey,1981,9,11,25,1009
Harvey,1981,9,12,30,1001.25
Harvey,1981,9,13,73.75,984.5
Harvey,1981,9,14,95,966.5
Harvey,1981,9,15,107.5,954.75
Harvey,1981,9,16,80,978.75
Harvey,1981,9,17,65,992.75
Harvey,1981,9,18,57.5,998.25
Harvey,1981,9,19,35,1005
Harvey,1993,9,18,30,1014
Harvey,1993,9,19,30,1011
Harvey,1993,9,20,45,1000.25
Harvey,1993,9,21,55,994.3333333333334
Harvey,1999,9,19,30,1004
Harvey,1999,9,20,42.5,999.75
Harvey,1999,9,21,50,996.3333333333334
Harvey,1999,9,22,40,1000
Harvey,2005,8,2,30,1006
Harvey,2005,8,3,41.25,1002
Harvey,2005,8,4,51.25,995.25
Harvey,2005,8,5,51.25,995
Harvey,2005,8,6,48.75,995.5
Harvey,2005,8,7,47.5,996.5
Harvey,2005,8,8,45,998
Harvey,2011,8,19,33.75,1003.75
Harvey,2011,8,20,51,995.4
Harvey,2011,8,21,31.25,1004.5
Harvey,2011,8,22,28.75,1005.75
Harvey,2017,8,17,30,1006.6666666666666
Harvey,2017,8,18,39.166666666666664,1004
Harvey,2017,8,19,33.333333333333336,1005.3333333333334
Harvey,2017,8,23,32.5,1005.5
Harvey,2017,8,24,55,991
Harvey,2017,8,25,92.5,957.75
Harvey,2017,8,26,90,959
Harvey,2017,8,27,38.75,997.25
Harvey,2017,8,28,38.75,997
Harvey,2017,8,29,41.25,995
Harvey,2017,8,30,40,992.6
Harvey,2017,8,31,25,999.75
Harvey,2017,9,1,30,1000
Henri,1979,9,15,27.5,1003
Henri,1979,9,16,35,1001.25
Henri,1979,9,17,66.25,988
Henri,1979,9,18,53.75,997.25
Henri,1979,9,19,35,1002.25
Henri,1979,9,20,30,1005.5
Henri,1979,9,21,30,1007.5
Henri,1979,9,22,21.25,1010.75
Henri,1979,9,23,20,1011
Henri,1979,9,24,20,1011
Henri,1985,9,21,25,1008
Henri,1985,9,22,26.25,1009.75
Henri,1985,9,23,40,1003.25
Henri,1985,9,24,36,1005.6
Henri,1985,9,25,30,1007
Henri,2003,9,3,25,1013
Henri,2003,9,4,27.5,1008
Henri,2003,9,5,38.75,999.5
Henri,2003,9,6,28,1005.2
Henri,2003,9,7,30,1006.5
Henri,2003,9,8,30,1006.3333333333334
Henri,2009,10,6,33.75,1007.25
Henri,2009,10,7,42.5,1006
Henri,2009,10,8,31.666666666666668,1009.6666666666666
Henri,2015,9,8,30,1011
Henri,2015,9,9,38.75,1006
Henri,2015,9,10,42.5,1005.25
Henri,2015,9,11,40,1009.5
Hermine,1980,9,20,25,1007.5
Hermine,1980,9,21,37.5,1001.75
Hermine,1980,9,22,55,994.75
Hermine,1980,9,23,50,994.75
Hermine,1980,9,24,56.25,994.25
Hermine,1980,9,25,37.5,1003.75
Hermine,1980,9,26,25,1008
Hermine,1998,9,17,30,1001
Hermine,1998,9,18,30,999.5
Hermine,1998,9,19,33.75,1000.75
Hermine,1998,9,20,32,1001
Hermine,2004,8,27,25,1016
Hermine,2004,8,28,27.5,1015.5
Hermine,2004,8,29,33.75,1011.25
Hermine,2004,8,30,45,1005.5
Hermine,2004,8,31,35,1011.5
Hermine,2010,9,5,25,1004
Hermine,2010,9,6,41.25,999
Hermine,2010,9,7,51,991.4
Hermine,2010,9,8,23.75,1004.25
Hermine,2010,9,9,20,1005
Hermine,2016,8,28,30,1009
Hermine,2016,8,29,30,1006.5
Hermine,2016,8,30,30,1003
Hermine,2016,8,31,37.5,1002.75
Hermine,2016,9,1,57.5,993.25
Hermine,2016,9,2,60.833333333333336,984.8333333333334
Hermine,2016,9,3,52.5,992
Hortense,1984,9,24,40,999
Hortense,1984,9,25,56.25,997.5
Hortense,1984,9,26,55,994.5
Hortense,1984,9,27,37.5,995.25
Hortense,1984,9,28,37.5,996
Hortense,1984,9,29,43.75,1000
Hortense,1984,9,30,36.25,1005.75
Hortense,1984,10,1,46.25,999.75
Hortense,1984,10,2,48.75,995.25
Hortense,1990,8,25,28.75,1008.75
Hortense,1990,8,26,35,1004.75
Hortense,1990,8,27,45,999.75
Hortense,1990,8,28,53.75,994.25
Hortense,1990,8,29,46.25,997.75
Hortense,1990,8,30,28.75,1007.25
Hortense,1990,8,31,22.5,1013
Hortense,1996,9,3,27.5,1006
Hortense,1996,9,4,30,1006
Hortense,1996,9,5,30,1006
Hortense,1996,9,6,30,1006
Hortense,1996,9,7,36.25,1003.75
Hortense,1996,9,8,56.25,994.75
Hortense,1996,9,9,67.5,988
Hortense,1996,9,10,67.5,989.25
Hortense,1996,9,11,82.5,974.5
Hortense,1996,9,12,108.75,958.5
Hortense,1996,9,13,108.75,943.25
Hortense,1996,9,14,85,955.75
Hortense,1996,9,15,66.25,977.5
Hugo,1989,9,10,25,1010
Hugo,1989,9,11,31.25,1006
Hugo,1989,9,12,45,999
Hugo,1989,9,13,58.75,990.75
Hugo,1989,9,14,81.25,977.25
Hugo,1989,9,15,118.75,944.25
Hugo,1989,9,16,126.25,932.75
Hugo,1989,9,17,122,943.8
Hugo,1989,9,18,115,944.6
Hugo,1989,9,19,92.5,962.75
Hugo,1989,9,20,92.5,956.25
Hugo,1989,9,21,107.5,948
Hugo,1989,9,22,84,956.6
Humberto,1995,8,22,40,1003.5
Humberto,1995,8,23,67.5,987.25
Humberto,1995,8,24,87.5,971.75
Humberto,1995,8,25,90,970
Humberto,1995,8,26,86.25,971.75
Humberto,1995,8,27,73.75,983
Humberto,1995,8,28,65,991
Humberto,1995,8,29,71.25,982
Humberto,1995,8,30,80,974.75
Humberto,1995,8,31,72.5,980.25
Humberto,1995,9,1,45,1000
Humberto,2001,9,21,25,1012
Humberto,2001,9,22,36.25,1006.25
Humberto,2001,9,23,63.75,991.25
Humberto,2001,9,24,75,988.25
Humberto,2001,9,25,65,991.5
Humberto,2001,9,26,77.5,979.25
Humberto,2001,9,27,60,992
Humberto,2007,9,12,40,1003.5
Humberto,2007,9,13,63,991.2
Humberto,2007,9,14,25,1006
Humberto,2013,9,8,25,1008
Humberto,2013,9,9,37.5,1005.5
Humberto,2013,9,10,53.75,1000.25
Humberto,2013,9,11,66.25,989.5
Humberto,2013,9,12,77.5,979.5
Humberto,2013,9,13,57.5,987.75
Humberto,2013,9,15,35,1004
Humberto,2013,9,16,37.5,1002
Humberto,2013,9,17,35,1002
Humberto,2019,9,13,30,1008
Humberto,2019,9,14,38.75,1005
Humberto,2019,9,15,53.75,995.75
Humberto,2019,9,16,71.25,980.75
Humberto,2019,9,17,87.5,961.75
Humberto,2019,9,18,105,951
Humberto,2019,9,19,100,953.4
Ian,2016,9,12,35,1005.3333333333334
Ian,2016,9,13,41.25,999.25
Ian,2016,9,14,45,998
Ian,2016,9,15,45,998
Ian,2016,9,16,47.5,996
Ida,2009,11,4,36.666666666666664,1003
Ida,2009,11,5,60,990.75
Ida,2009,11,6,31.25,1005.25
Ida,2009,11,7,45,999.25
Ida,2009,11,8,80,982.25
Ida,2009,11,9,74,987.2
Ida,2009,11,10,55,995.5
Ida,2015,9,18,26.666666666666668,1006.6666666666666
Ida,2015,9,19,35,1005
Ida,2015,9,20,40,1003.75
Ida,2015,9,21,43.75,1001.75
Ida,2015,9,22,40,1002.25
Ida,2015,9,23,35,1004
Ida,2015,9,24,31.25,1004.75
Ida,2015,9,25,30,1006
Ida,2015,9,26,30,1006
Ida,2015,9,27,27.5,1006.5
Igor,2010,9,8,36.666666666666664,1005.3333333333334
Igor,2010,9,9,33.75,1005.5
Igor,2010,9,10,33.75,1003.5
Igor,2010,9,11,57.5,996
Igor,2010,9,12,85,972.5
Igor,2010,9,13,128.75,935
Igor,2010,9,14,120,940
Igor,2010,9,15,122.5,936.5
Igor,2010,9,16,120,934.75
Igor,2010,9,17,103.75,940.5
Igor,2010,9,18,85,942.5
Igor,2010,9,19,75,948.75
Igor,2010,9,20,65,957.5
Igor,2010,9,21,67.5,956.25
Ike,2008,9,1,36.666666666666664,1004.6666666666666
Ike,2008,9,2,48.75,999.25
Ike,2008,9,3,61.25,988.5
Ike,2008,9,4,116.25,942
Ike,2008,9,5,108.75,951.5
Ike,2008,9,6,102.5,960.25
Ike,2008,9,7,111,946.8
Ike,2008,9,8,98,952.8
Ike,2008,9,9,69,965.2
Ike,2008,9,10,75,962.25
Ike,2008,9,11,85,946.75
Ike,2008,9,12,91.25,954
Ike,2008,9,13,84,957.2
Ike,2008,9,14,35,982.5
Imelda,2019,9,17,36.25,1005
Imelda,2019,9,18,30,1007
Imelda,2019,9,19,25,1009
Ingrid,2007,9,12,28.333333333333332,1008
Ingrid,2007,9,13,33.75,1005
Ingrid,2007,9,14,37.5,1003.25
Ingrid,2007,9,15,33.75,1005.25
Ingrid,2007,9,16,30,1006.25
Ingrid,2007,9,17,25,1009
Ingrid,2013,9,12,30,1004
Ingrid,2013,9,13,33.75,1000.25
Ingrid,2013,9,14,57.5,989.5
Ingrid,2013,9,15,70,986
Ingrid,2013,9,16,56,991.8
Ingrid,2013,9,17,25,1006
Iota,2020,11,13,32.5,1005.5
Iota,2020,11,14,38.75,1002
Iota,2020,11,15,66.25,984
Iota,2020,11,16,118.75,932.75
Iota,2020,11,17,99,945.6
Iota,2020,11,18,33.333333333333336,1003.6666666666666
Iris,1989,9,16,25,1017
Iris,1989,9,17,30,1008.5
Iris,1989,9,18,38.75,1003.5
Iris,1989,9,19,56.25,1001
Iris,1989,9,20,40,1004.25
Iris,1989,9,21,27.5,1010.25
Iris,1995,8,22,32.5,1007.5
Iris,1995,8,23,51.25,999.75
Iris,1995,8,24,66.25,992
Iris,1995,8,25,53.75,997
Iris,1995,8,26,45,1000.5
Iris,1995,8,27,45,1000.2
Iris,1995,8,28,58.75,987.5
Iris,1995,8,29,73.75,975.75
Iris,1995,8,30,72.5,974
Iris,1995,8,31,77.5,970.25
Iris,1995,9,1,90,967
Iris,1995,9,2,81.25,976.25
Iris,1995,9,3,73.75,982.75
Iris,1995,9,4,62.5,988.5
Iris,2001,10,4,27.5,1010.5
Iris,2001,10,5,35,1008.25
Iris,2001,10,6,56.25,997.25
Iris,2001,10,7,75,990.5
Iris,2001,10,8,101.25,962.75
Iris,2001,10,9,85,976.25
Isaac,1988,9,28,25,1009
Isaac,1988,9,29,26.25,1007
Isaac,1988,9,30,31.25,1005.5
Isaac,1988,10,1,35,1005.3333333333334
Isaac,2000,9,21,30,1008
Isaac,2000,9,22,41.25,1001.5
Isaac,2000,9,23,65,987
Isaac,2000,9,24,101.25,960
Isaac,2000,9,25,92.5,967.5
Isaac,2000,9,26,81.25,975.75
Isaac,2000,9,27,87.5,971.25
Isaac,2000,9,28,108.75,952
Isaac,2000,9,29,105,954.5
Isaac,2000,9,30,77.5,977.25
Isaac,2000,10,1,60,989
Isaac,2006,9,27,30,1012
Isaac,2006,9,28,36.25,1008
Isaac,2006,9,29,43.75,1003.75
Isaac,2006,9,30,63.75,993.25
Isaac,2006,10,1,72.5,986.25
Isaac,2006,10,2,61.25,990.5
Isaac,2012,8,21,31.666666666666668,1006
Isaac,2012,8,22,43.75,1003.75
Isaac,2012,8,23,45,1003.5
Isaac,2012,8,24,48.75,997
Isaac,2012,8,25,52,994.8
Isaac,2012,8,26,52.5,994.75
Isaac,2012,8,27,53.75,987
Isaac,2012,8,28,63.75,976
Isaac,2012,8,29,67.5,967.5
Isaac,2012,8,30,47.5,984.75
Isaac,2012,8,31,23.75,1000.5
Isaac,2012,9,1,20,1004.5
Isaac,2018,9,7,30,1007
Isaac,2018,9,8,33.75,1006.25
Isaac,2018,9,9,52.5,999.75
Isaac,2018,9,10,65,995
Isaac,2018,9,11,60,997
Isaac,2018,9,12,53.75,1000.25
Isaac,2018,9,13,40,1004
Isaac,2018,9,14,35,1004
Isaac,2018,9,15,30,1006
Isabel,1985,10,7,36.25,1005.75
Isabel,1985,10,8,52.5,1003.75
Isabel,1985,10,9,60,1001.25
Isabel,1985,10,10,42,1006.2
Isabel,1985,10,11,27.5,1011.25
Isabel,1985,10,12,25,1013.25
Isabel,1985,10,13,25,1012.75
Isabel,1985,10,14,25,1010.75
Isabel,1985,10,15,25,1010
Isabel,2003,9,6,37.5,1004.25
Isabel,2003,9,7,62.5,989
Isabel,2003,9,8,98.75,961.5
Isabel,2003,9,9,115,948
Isabel,2003,9,10,113.75,948.5
Isabel,2003,9,11,132.5,927.5
Isabel,2003,9,12,140,920
Isabel,2003,9,13,135,931.75
Isabel,2003,9,14,136.25,935.5
Isabel,2003,9,15,122.5,943
Isabel,2003,9,16,98.75,956.25
Isabel,2003,9,17,92.5,956.5
Isabel,2003,9,18,89,956
Isabel,2003,9,19,57.5,978.5
Isaias,2020,7,30,53,1002
Isaias,2020,7,31,68,991.6
Isaias,2020,8,1,70,988.6
Isaias,2020,8,2,57.5,995.25
Isaias,2020,8,3,61.25,994
Isaias,2020,8,4,67,990.2
Isidore,1984,9,25,30,1003
Isidore,1984,9,26,36.25,1001.25
Isidore,1984,9,27,47.5,1000
Isidore,1984,9,28,45,1001.75
Isidore,1984,9,29,45,1003.75
Isidore,1984,9,30,42.5,1004.75
Isidore,1984,10,1,28.333333333333332,1009
Isidore,1990,9,4,26.25,1009.5
Isidore,1990,9,5,33.75,1007.25
Isidore,1990,9,6,52.5,1001
Isidore,1990,9,7,76.25,983.5
Isidore,1990,9,8,67.5,988.5
Isidore,1990,9,9,56.25,996
Isidore,1990,9,10,65,987
Isidore,1990,9,11,75,982.5
Isidore,1990,9,12,71.25,983
Isidore,1990,9,13,65,987
Isidore,1990,9,14,65,987
Isidore,1990,9,15,65,987
Isidore,1990,9,16,56.25,992.25
Isidore,1990,9,17,40,1002.5
Isidore,1996,9,24,27.5,1008
Isidore,1996,9,25,40,1001
Isidore,1996,9,26,68.75,982.25
Isidore,1996,9,27,87.5,969.25
Isidore,1996,9,28,96.25,963.5
Isidore,1996,9,29,73.75,980
Isidore,1996,9,30,53.75,993.25
Isidore,1996,10,1,32.5,1003.75
Isidore,2002,9,14,25,1009
Isidore,2002,9,15,25,1009
Isidore,2002,9,17,30,1007
Isidore,2002,9,18,37.5,1004.25
Isidore,2002,9,19,56.25,990.25
Isidore,2002,9,20,80,968.2
Isidore,2002,9,21,92.5,957.25
Isidore,2002,9,22,110,937.6
Isidore,2002,9,23,70,957.5
Isidore,2002,9,24,45,985
Isidore,2002,9,25,51.25,988
Isidore,2002,9,26,51.25,986.5
Isidore,2002,9,27,20,995
Ivan,1980,10,4,35,999
Ivan,1980,10,5,56.25,994.5
Ivan,1980,10,6,78.75,980.75
Ivan,1980,10,7,90,970
Ivan,1980,10,8,90,970
Ivan,1980,10,9,90,972.25
Ivan,1980,10,10,87.5,978.25
Ivan,1980,10,11,68.75,988.25
Ivan,1998,9,19,25,1010
Ivan,1998,9,20,31.25,1008
Ivan,1998,9,21,36.25,1003.25
Ivan,1998,9,22,46.25,998
Ivan,1998,9,23,53.75,992.5
Ivan,1998,9,24,68.75,985.25
Ivan,1998,9,25,71.25,983.75
Ivan,1998,9,26,76.25,978.5
Ivan,1998,9,27,60,994
Ivan,2004,9,2,25,1009
Ivan,2004,9,3,37.5,1003.75
Ivan,2004,9,4,50,996.75
Ivan,2004,9,5,80,977.5
Ivan,2004,9,6,106.25,955.5
Ivan,2004,9,7,100,960
Ivan,2004,9,8,118.75,950.25
Ivan,2004,9,9,135,925.75
Ivan,2004,9,10,125,931.75
Ivan,2004,9,11,133,923.6
Ivan,2004,9,12,135,916.8
Ivan,2004,9,13,140,914.6
Ivan,2004,9,14,133,923
Ivan,2004,9,15,117.5,934.75
Ivan,2004,9,16,88,952
Ivan,2004,9,17,23.75,991.75
Ivan,2004,9,18,16.666666666666668,999
Ivan,2004,9,22,30,1008
Ivan,2004,9,23,40,1003.75
Ivan,2004,9,24,28.333333333333332,1005.3333333333334
Jeanne,1980,11,8,30,1005
Jeanne,1980,11,9,36.25,1002
Jeanne,1980,11,10,50,999
Jeanne,1980,11,11,63.75,993.25
Jeanne,1980,11,12,71.25,992.25
Jeanne,1980,11,13,57.5,995.75
Jeanne,1980,11,14,48.75,999.5
Jeanne,1980,11,15,26.25,1004.75
Jeanne,1980,11,16,20,1007
Jeanne,1998,9,21,31.666666666666668,1006
Jeanne,1998,9,22,51.25,995.75
Jeanne,1998,9,23,77.5,977.75
Jeanne,1998,9,24,88.75,970.5
Jeanne,1998,9,25,86.25,974
Jeanne,1998,9,26,72.5,981.25
Jeanne,1998,9,27,71.25,982.25
Jeanne,1998,9,28,73.75,980.75
Jeanne,1998,9,29,70,983
Jeanne,1998,9,30,42.5,1001.25
Jeanne,2004,9,13,25,1010
Jeanne,2004,9,14,34,1006
Jeanne,2004,9,15,58,992.6
Jeanne,2004,9,16,65,988.4
Jeanne,2004,9,17,48.75,993
Jeanne,2004,9,18,42.5,1001.25
Jeanne,2004,9,19,41.25,1000
Jeanne,2004,9,20,60,989.75
Jeanne,2004,9,21,75,974.5
Jeanne,2004,9,22,83.75,968.75
Jeanne,2004,9,23,81.25,966
Jeanne,2004,9,24,77.5,968
Jeanne,2004,9,25,96,957.8
Jeanne,2004,9,26,87,957.8
Jeanne,2004,9,27,37.5,984.75
Jeanne,2004,9,28,22.5,999
Jerry,1989,10,12,27.5,1007.5
Jerry,1989,10,13,42.5,999.25
Jerry,1989,10,14,55,992.25
Jerry,1989,10,15,61,989.4
Jerry,1989,10,16,44,993.2
Jerry,1995,8,22,20,1010
Jerry,1995,8,23,31.25,1007.75
Jerry,1995,8,24,33.75,1004
Jerry,1995,8,25,27.5,1003.25
Jerry,1995,8,26,21.25,1005.25
Jerry,1995,8,27,20,1006
Jerry,1995,8,28,20,1006
Jerry,2001,10,6,27.5,1007.5
Jerry,2001,10,7,41.25,1007
Jerry,2001,10,8,37.5,1006.25
Jerry,2007,9,24,33.75,1003.75
Jerry,2013,9,29,30,1010
Jerry,2013,9,30,35,1007.75
Jerry,2013,10,1,41.25,1006.25
Jerry,2013,10,2,35,1007
Jerry,2013,10,3,35,1007
Jerry,2019,9,17,30,1007
Jerry,2019,9,18,40,1003.25
Jerry,2019,9,19,66.25,991.25
Jerry,2019,9,20,78.75,985
Jerry,2019,9,21,56.25,996
Jerry,2019,9,22,55,996.75
Jerry,2019,9,23,55,991.75
Jerry,2019,9,24,50,991
Joan,1988,10,10,25,1010
Joan,1988,10,11,37.5,1004
Joan,1988,10,12,45,1002
Joan,1988,10,13,40,1006.25
Joan,1988,10,14,42.5,1001.75
Joan,1988,10,15,45,1003.4
Joan,1988,10,16,48.75,1000.5
Joan,1988,10,17,57.5,995.75
Joan,1988,10,18,72.5,985.25
Joan,1988,10,19,100,964.75
Joan,1988,10,20,82.5,966.75
Joan,1988,10,21,93.75,964.5
Joan,1988,10,22,112,944
Joan,1988,10,23,50,996.5
Joaquin,2015,9,28,30,1005.75
Joaquin,2015,9,29,42.5,998.75
Joaquin,2015,9,30,68.75,973.75
Joaquin,2015,10,1,110,944
Joaquin,2015,10,2,114.16666666666667,937.6666666666666
Joaquin,2015,10,3,125,939
Joaquin,2015,10,4,100,951
Joaquin,2015,10,5,75,963.25
Joaquin,2015,10,6,72.5,971.25
Joaquin,2015,10,7,63.75,976.25
Josephine,1984,10,8,45,1000
Josephine,1984,10,9,58.75,994.25
Josephine,1984,10,10,66.25,987.25
Josephine,1984,10,11,81.25,976.75
Josephine,1984,10,12,90,974
Josephine,1984,10,13,80,973
Josephine,1984,10,14,67.5,972.75
Josephine,1984,10,15,66.25,968.75
Josephine,1984,10,16,65,979.5
Josephine,1984,10,17,60,990.75
Josephine,1984,10,18,50,994.3333333333334
Josephine,1990,9,21,30,1008.6666666666666
Josephine,1990,9,22,30,1007
Josephine,1990,9,23,30,1009
Josephine,1990,9,24,32.5,1006.25
Josephine,1990,9,25,38.75,1003.25
Josephine,1990,9,26,31.25,1008
Josephine,1990,9,27,27.5,1010.75
Josephine,1990,9,28,25,1012
Josephine,1990,9,29,26.25,1010.75
Josephine,1990,9,30,30,1009
Josephine,1990,10,1,32.5,1006.5
Josephine,1990,10,2,36.25,1004.25
Josephine,1990,10,3,36.25,1004.5
Josephine,1990,10,4,52.5,995.25
Josephine,1990,10,5,68.75,984.25
Josephine,1990,10,6,66.66666666666667,986.3333333333334
Josephine,1996,10,4,25,1003
Josephine,1996,10,5,30,1003
Josephine,1996,10,6,31.25,1002
Josephine,1996,10,7,52.5,988
Josephine,1996,10,8,60,983
Josephine,2002,9,17,30,1015.5
Josephine,2002,9,18,33.75,1010.25
Josephine,2002,9,19,35,1009
Josephine,2008,9,2,36.25,1004.25
Josephine,2008,9,3,53.75,994.75
Josephine,2008,9,4,46.25,999
Josephine,2008,9,5,38.75,1002.75
Josephine,2008,9,6,30,1006
Josephine,2020,8,11,30,1008
Josephine,2020,8,12,30,1007.5
Josephine,2020,8,13,35,1006
Josephine,2020,8,14,36.25,1004.75
Josephine,2020,8,15,37.5,1006.25
Josephine,2020,8,16,31.666666666666668,1009.6666666666666
Joyce,2000,9,25,27.5,1009
Joyce,2000,9,26,36.25,1005.5
Joyce,2000,9,27,60,988.5
Joyce,2000,9,28,77.5,975.5
Joyce,2000,9,29,67.5,982.25
Joyce,2000,9,30,47.5,997.75
Joyce,2000,10,1,35,1006.5
Joyce,2000,10,2,27.5,1009
Joyce,2012,8,22,28.333333333333332,1009.6666666666666
Joyce,2012,8,23,32.5,1007.75
Joyce,2012,8,24,30,1008
Joyce,2018,9,14,36.25,1000
Joyce,2018,9,15,42.5,998.5
Joyce,2018,9,16,32.5,1005.75
Joyce,2018,9,17,30,1006
Joyce,2018,9,18,28.75,1006.75
Juan,1985,10,26,33.75,1000.5
Juan,1985,10,27,52.5,988.25
Juan,1985,10,28,71.25,975
Juan,1985,10,29,67,974.8
Juan,1985,10,30,56.25,981.5
Juan,1985,10,31,56.25,980.5
Juan,1985,11,1,37.5,985
Juan,2003,9,24,27.5,1008
Juan,2003,9,25,42.5,1001
Juan,2003,9,26,62.5,989
Juan,2003,9,27,78.75,978.25
Juan,2003,9,28,90,970
Juan,2003,9,29,70,980.5
Julia,2010,9,12,31.666666666666668,1006
Julia,2010,9,13,41.25,1003.75
Julia,2010,9,14,63.75,990.5
Julia,2010,9,15,108.75,957
Julia,2010,9,16,93.75,966.75
Julia,2010,9,17,71.25,982.75
Julia,2010,9,18,53.75,991.5
Julia,2010,9,19,48.75,993
Julia,2010,9,20,41.666666666666664,997
Julia,2016,9,13,36.666666666666664,1010
Julia,2016,9,14,41.25,1010.25
Julia,2016,9,15,40,1007
Julia,2016,9,16,40,1007.75
Julia,2016,9,17,30,1009.5
Julia,2016,9,18,26.25,1010
Juliet,1978,10,7,25,1011
Juliet,1978,10,8,33.75,1008.5
Juliet,1978,10,9,45,1006
Juliet,1978,10,10,45,1006
Juliet,1978,10,11,40,1006
Karen,1989,11,28,27.5,1004.5
Karen,1989,11,29,30,1004.75
Karen,1989,11,30,45,1002
Karen,1989,12,1,38.75,1002.75
Karen,1989,12,2,35,1005.75
Karen,1989,12,3,38.75,1004.25
Karen,1989,12,4,32.5,1003.5
Karen,1995,8,26,30,1008.5
Karen,1995,8,27,30,1007
Karen,1995,8,28,37.5,1003.75
Karen,1995,8,29,45,1000.25
Karen,1995,8,30,41.25,1003
Karen,1995,8,31,40,1002.5
Karen,1995,9,1,37.5,1001
Karen,1995,9,2,32.5,1001
Karen,1995,9,3,30,1002
Karen,2001,10,13,61.666666666666664,986.3333333333334
Karen,2001,10,14,62.5,986.75
Karen,2001,10,15,45,996.6666666666666
Karen,2007,9,25,33.75,1005.25
Karen,2007,9,26,55,994.5
Karen,2007,9,27,55,1000
Karen,2007,9,28,40,1007
Karen,2007,9,29,32.5,1008
Karen,2013,10,3,52.5,1002.25
Karen,2013,10,4,46.25,1001.25
Karen,2013,10,5,38.75,1006.75
Karen,2013,10,6,27.5,1008.5
Karen,2019,9,22,33.75,1007
Karen,2019,9,23,31.25,1007
Karen,2019,9,24,36.666666666666664,1005.1666666666666
Karen,2019,9,25,37.5,1003.5
Karen,2019,9,26,37.5,1004.25
Karen,2019,9,27,33.333333333333336,1005.3333333333334
Karl,1980,11,25,65,988
Karl,1980,11,26,73.75,985.75
Karl,1980,11,27,66.25,989.5
Karl,1998,9,23,27.5,1003.5
Karl,1998,9,24,38.75,1001.5
Karl,1998,9,25,60,990.75
Karl,1998,9,26,76.25,977.5
Karl,1998,9,27,82.5,974
Karl,1998,9,28,55,994
Karl,2004,9,16,31.666666666666668,1006.6666666666666
Karl,2004,9,17,50,996.25
Karl,2004,9,18,85,973.5
Karl,2004,9,19,102.5,957.75
Karl,2004,9,20,111.25,950.25
Karl,2004,9,21,117.5,943
Karl,2004,9,22,93.75,963.5
Karl,2004,9,23,100,956
Karl,2004,9,24,72.5,959.75
Karl,2010,9,14,32.5,1002
Karl,2010,9,15,50,994.4
Karl,2010,9,16,52.5,989.75
Karl,2010,9,17,98.33333333333333,969.6666666666666
Karl,2010,9,18,42.5,1000
Karl,2016,9,14,28.333333333333332,1009
Karl,2016,9,15,33.75,1007.5
Karl,2016,9,16,40,1004
Karl,2016,9,17,40,1004.25
Karl,2016,9,18,35,1006
Karl,2016,9,19,35,1006
Karl,2016,9,20,35,1006
Karl,2016,9,21,31.25,1006.5
Karl,2016,9,22,31.25,1006.5
Karl,2016,9,23,48.75,994.5
Karl,2016,9,24,55,992
Karl,2016,9,25,57.5,991
Kate,1985,11,15,35,999
Kate,1985,11,16,55,993.5
Kate,1985,11,17,76.25,981
Kate,1985,11,18,81.25,974.5
Kate,1985,11,19,90,970.5
Kate,1985,11,20,97.5,962.75
Kate,1985,11,21,94,962.8
Kate,1985,11,22,60,986
Kate,1985,11,23,36.666666666666664,1004.6666666666666
Kate,2003,9,25,30,1008
Kate,2003,9,26,30,1007.5
Kate,2003,9,27,31.25,1006.5
Kate,2003,9,28,48.75,997.75
Kate,2003,9,29,56.25,992.25
Kate,2003,9,30,56.25,991.75
Kate,2003,10,1,55,993.75
Kate,2003,10,2,73.75,980.25
Kate,2003,10,3,90,969.5
Kate,2003,10,4,103.75,958
Kate,2003,10,5,92.5,969.5
Kate,2003,10,6,76.25,979
Kate,2003,10,7,61.25,985.25
Kate,2015,11,8,30,1010
Kate,2015,11,9,37.5,1009
Kate,2015,11,10,56.25,1000
Kate,2015,11,11,68.75,983.75
Katia,2011,8,29,28.333333333333332,1008.3333333333334
Katia,2011,8,30,42.5,1002
Katia,2011,8,31,55,993.75
Katia,2011,9,1,65,988
Katia,2011,9,2,65,987.5
Katia,2011,9,3,65,985.5
Katia,2011,9,4,80,966.75
Katia,2011,9,5,98.75,951.75
Katia,2011,9,6,108.75,950.25
Katia,2011,9,7,82.5,967.25
Katia,2011,9,8,80,966.5
Katia,2011,9,9,76.25,962
Katia,2011,9,10,75,957
Katia,2017,9,5,27.5,1009
Katia,2017,9,6,43.75,1002.5
Katia,2017,9,7,70,984.5
Katia,2017,9,8,82.5,976
Katia,2017,9,9,50,995.75
Katrina,1981,11,3,26.25,1004
Katrina,1981,11,4,38.75,998.75
Katrina,1981,11,5,67.5,987.25
Katrina,1981,11,6,53.75,999.25
Katrina,1981,11,7,40,1001.75
Katrina,1999,10,28,30,1001
Katrina,1999,10,29,31.25,1000.5
Katrina,1999,10,30,28.75,1000.75
Katrina,1999,10,31,25,1007.25
Katrina,1999,11,1,20,1010.6666666666666
Katrina,2005,8,23,30,1008
Katrina,2005,8,24,33.75,1005.75
Katrina,2005,8,25,56,992.6
Katrina,2005,8,26,73.75,979.25
Katrina,2005,8,27,96.25,949.75
Katrina,2005,8,28,130,920.5
Katrina,2005,8,29,111.66666666666667,922.8333333333334
Katrina,2005,8,30,37.5,978.5
Keith,1988,11,17,30,1008
Keith,1988,11,18,30,1008
Keith,1988,11,19,30,1006.75
Keith,1988,11,20,37.5,1002
Keith,1988,11,21,60,990.8
Keith,1988,11,22,56.25,994
Keith,1988,11,23,48,996.2
Keith,1988,11,24,55,992.3333333333334
Keith,2000,9,28,25,1005
Keith,2000,9,29,31.25,1002.25
Keith,2000,9,30,60,984.75
Keith,2000,10,1,113,945.8
Keith,2000,10,2,76,977.6
Keith,2000,10,3,45,992.4
Keith,2000,10,4,32.5,998.75
Keith,2000,10,5,70,984.5
Keith,2000,10,6,31.666666666666668,999
Kirk,2012,8,28,30,1007
Kirk,2012,8,29,42.5,1001.75
Kirk,2012,8,30,61.25,990.25
Kirk,2012,8,31,85,975.75
Kirk,2012,9,1,62.5,991.5
Kirk,2012,9,2,50,1000.75
Kirk,2018,9,22,33.333333333333336,1005.6666666666666
Kirk,2018,9,23,35,1005
Kirk,2018,9,26,51.25,1002.25
Kirk,2018,9,27,50,1000.5
Kirk,2018,9,28,42,1004.6
Klaus,1984,11,5,15,1004
Klaus,1984,11,6,23.75,1002.25
Klaus,1984,11,7,48.75,997.5
Klaus,1984,11,8,72.5,987.75
Klaus,1984,11,9,80,980.75
Klaus,1984,11,10,76.25,977.25
Klaus,1984,11,11,71.25,975.75
Klaus,1984,11,12,68.33333333333333,983
Klaus,1990,10,3,32.5,1007.5
Klaus,1990,10,4,50,999
Klaus,1990,10,5,63.75,991.25
Klaus,1990,10,6,60,994.25
Klaus,1990,10,7,50,1000.75
Klaus,1990,10,8,36.25,1004.75
Klaus,1990,10,9,41.666666666666664,1005.6666666666666
Kyle,1996,10,11,40,1003
Kyle,1996,10,12,33.75,1006.25
Kyle,2002,9,23,36.25,1005.5
Kyle,2002,9,24,47.5,998.5
Kyle,2002,9,25,58.75,991.25
Kyle,2002,9,26,71.25,983.5
Kyle,2002,9,27,73.75,982
Kyle,2002,9,28,61.25,989.5
Kyle,2002,9,29,41.25,1001.5
Kyle,2002,9,30,35,1003.5
Kyle,2002,10,1,33.75,1005
Kyle,2002,10,2,48.75,997.75
Kyle,2002,10,3,51.25,997
Kyle,2002,10,4,37.5,1002
Kyle,2002,10,5,31.25,1005
Kyle,2002,10,6,32.5,1006.75
Kyle,2002,10,7,35,1006
Kyle,2002,10,8,33.75,1006.75
Kyle,2002,10,9,28.75,1010
Kyle,2002,10,10,26.25,1010
Kyle,2002,10,11,34.166666666666664,1009.6666666666666
Kyle,2002,10,12,36.666666666666664,1010
Kyle,2008,9,25,36.25,1002.75
Kyle,2008,9,26,48.75,998
Kyle,2008,9,27,62.5,996.25
Kyle,2008,9,28,71.25,990
Kyle,2008,9,29,65,985
Kyle,2020,8,14,35,1007.5
Kyle,2020,8,15,42.5,1002.25
Larry,2003,10,1,45,1003
Larry,2003,10,2,46.25,999
Larry,2003,10,3,51.25,994
Larry,2003,10,4,50,994.75
Larry,2003,10,5,48,997
Larry,2003,10,6,30,1004
Lee,2005,8,28,25,1008
Lee,2005,8,29,25,1007.3333333333334
Lee,2005,8,31,33.333333333333336,1006.6666666666666
Lee,2005,9,1,30,1009.75
Lee,2005,9,2,25,1010
Lee,2011,9,2,33.75,1005.25
Lee,2011,9,3,42.5,999
Lee,2017,9,14,25,1011
Lee,2017,9,15,30,1008.75
Lee,2017,9,16,32.5,1007.75
Lee,2017,9,17,32.5,1007.5
Lee,2017,9,18,30,1008
Lee,2017,9,19,28.75,1008.25
Lee,2017,9,20,37.5,1006.5
Lee,2017,9,22,27.5,1013
Lee,2017,9,23,38.75,1007
Lee,2017,9,24,67.5,988.25
Lee,2017,9,25,80,979.5
Lee,2017,9,26,87.5,977.25
Lee,2017,9,27,97.5,965.5
Lee,2017,9,28,87.5,971
Lee,2017,9,29,66.25,984
Lee,2017,9,30,50,990
Lenny,1999,11,13,30,1003
Lenny,1999,11,14,38.75,999.25
Lenny,1999,11,15,76.25,979.75
Lenny,1999,11,16,80,973.5
Lenny,1999,11,17,113.75,947.5
Lenny,1999,11,18,121.25,950.75
Lenny,1999,11,19,72.5,983.5
Lenny,1999,11,20,51.25,995.75
Lenny,1999,11,21,31.25,998.75
Lenny,1999,11,22,23.75,1003
Lenny,1999,11,23,20,1006
Leslie,2000,10,5,35,1009
Leslie,2000,10,6,38.75,1007.5
Leslie,2000,10,7,40,1006
Leslie,2012,8,30,33.75,1005.5
Leslie,2012,8,31,51.25,1000.25
Leslie,2012,9,1,60,995.75
Leslie,2012,9,2,53.75,995.75
Leslie,2012,9,3,51.25,994
Leslie,2012,9,4,60,988.25
Leslie,2012,9,5,66.25,984.25
Leslie,2012,9,6,65,983.25
Leslie,2012,9,7,62.5,981.5
Leslie,2012,9,8,56.25,985.75
Leslie,2012,9,9,55,988
Leslie,2012,9,10,61.25,982
Leslie,2012,9,11,65,969
Leslie,2018,9,29,45,991
Leslie,2018,9,30,45,991
Leslie,2018,10,1,48.75,990.25
Leslie,2018,10,2,55,988.5
Leslie,2018,10,3,68.75,976.5
Leslie,2018,10,4,67.5,977.25
Leslie,2018,10,5,53.75,985.75
Leslie,2018,10,6,50,987
Leslie,2018,10,7,50,987
Leslie,2018,10,8,46.25,988.25
Leslie,2018,10,9,56.25,983
Leslie,2018,10,10,65,980.5
Leslie,2018,10,11,71.25,977.5
Leslie,2018,10,12,77.5,969.5
Leslie,2018,10,13,66.66666666666667,977.3333333333334
Lili,1984,12,20,70,980
Lili,1984,12,21,70,980
Lili,1984,12,22,70,980
Lili,1984,12,23,53.75,997.25
Lili,1984,12,24,30,1010.3333333333334
Lili,1990,10,11,65,988
Lili,1990,10,12,65,994.25
Lili,1990,10,13,60,994
Lili,1990,10,14,48.75,995.25
Lili,1996,10,14,25,1005.5
Lili,1996,10,15,27.5,1004.25
Lili,1996,10,16,40,997.75
Lili,1996,10,17,62.5,988.25
Lili,1996,10,18,79,977.4
Lili,1996,10,19,91.25,966.75
Lili,1996,10,20,80,965.5
Lili,1996,10,21,68.75,984.5
Lili,1996,10,22,65,987
Lili,1996,10,23,66.25,983
Lili,1996,10,24,71.25,979
Lili,1996,10,25,81.25,972.75
Lili,1996,10,26,67.5,978
Lili,1996,10,27,55,978
Lili,2002,9,21,25,1009
Lili,2002,9,22,30,1006
Lili,2002,9,23,42.5,1004.75
Lili,2002,9,24,52.5,1005.75
Lili,2002,9,25,35,1008
Lili,2002,9,27,33.75,1004.75
Lili,2002,9,28,45,1000.75
Lili,2002,9,29,45,997
Lili,2002,9,30,62,987.8
Lili,2002,10,1,84.16666666666667,972
Lili,2002,10,2,109,952
Lili,2002,10,3,90,959.6
Lili,2002,10,4,31.666666666666668,992
Lisa,1998,10,5,35,1007
Lisa,1998,10,6,43.75,1005.25
Lisa,1998,10,7,50,1002.5
Lisa,1998,10,8,56.25,999.25
Lisa,1998,10,9,62.5,997
Lisa,2004,9,19,30,1004
Lisa,2004,9,20,37.5,1001.75
Lisa,2004,9,21,58.75,991
Lisa,2004,9,22,48.75,997.75
Lisa,2004,9,23,37.5,1002.5
Lisa,2004,9,24,33.75,1003.75
Lisa,2004,9,25,38.75,1002
Lisa,2004,9,26,50,997
Lisa,2004,9,27,43.75,1000.5
Lisa,2004,9,28,45,999.5
Lisa,2004,9,29,60,990
Lisa,2004,9,30,52.5,995.25
Lisa,2004,10,1,56.25,992.75
Lisa,2004,10,2,61.25,989.5
Lisa,2004,10,3,50,997
Lisa,2010,9,20,30,1006
Lisa,2010,9,21,38.75,1003
Lisa,2010,9,22,33.75,1003.5
Lisa,2010,9,23,32.5,1004.25
Lisa,2010,9,24,50,996.4
Lisa,2010,9,25,63.75,988.5
Lisa,2010,9,26,35,1004
Lisa,2016,9,19,30,1007
Lisa,2016,9,20,33.75,1006
Lisa,2016,9,21,42.5,1003
Lisa,2016,9,22,42.5,1001.75
Lisa,2016,9,23,36.25,1006.75
Lisa,2016,9,24,37.5,1008
Lisa,2016,9,25,30,1011
Lorenzo,2001,10,27,30,1009.5
Lorenzo,2001,10,28,30,1009
Lorenzo,2001,10,29,30,1009
Lorenzo,2001,10,30,35,1007.25
Lorenzo,2001,10,31,35,1008
Lorenzo,2007,9,25,25,1009
Lorenzo,2007,9,26,27.5,1008
Lorenzo,2007,9,27,41.25,1006
Lorenzo,2007,9,28,50,997.2
Lorenzo,2013,10,21,33.333333333333336,1010
Lorenzo,2013,10,22,41.25,1003.25
Lorenzo,2013,10,23,41.25,1004.5
Lorenzo,2013,10,24,30,1008.5
Lorenzo,2019,9,23,37.5,1006
Lorenzo,2019,9,24,53.75,998.75
Lorenzo,2019,9,25,71.25,985.75
Lorenzo,2019,9,26,100,961
Lorenzo,2019,9,27,120,941.25
Lorenzo,2019,9,28,106.25,954.25
Lorenzo,2019,9,29,120,937.8
Lorenzo,2019,9,30,90,954.75
Lorenzo,2019,10,1,86.25,957
Lorenzo,2019,10,2,82.5,959
Luis,1995,8,28,30,1008
Luis,1995,8,29,37.5,1002
Luis,1995,8,30,37.5,1004.25
Luis,1995,8,31,75,985
Luis,1995,9,1,108.75,955.25
Luis,1995,9,2,117.5,948
Luis,1995,9,3,121.25,947.25
Luis,1995,9,4,127.5,942.5
Luis,1995,9,5,118.75,942
Luis,1995,9,6,120,941
Luis,1995,9,7,118.75,938.25
Luis,1995,9,8,111.25,939.75
Luis,1995,9,9,92.5,950.25
Luis,1995,9,10,85,961
Marco,1990,10,9,27.5,1003
Marco,1990,10,10,37.5,997
Marco,1990,10,11,48.75,993.5
Marco,1990,10,12,25,1001.5
Marco,1996,11,16,30,1007
Marco,1996,11,17,30,1006.75
Marco,1996,11,18,30,1004.5
Marco,1996,11,19,41.25,997.75
Marco,1996,11,20,58.75,990.5
Marco,1996,11,21,47.5,995.75
Marco,1996,11,22,55,989.75
Marco,1996,11,23,36.25,996.25
Marco,1996,11,24,32.5,1002.75
Marco,1996,11,25,48.75,1003.5
Marco,1996,11,26,32.5,1009.75
Marco,2008,10,6,36.25,1003
Marco,2008,10,7,48.75,1000.25
Marco,2020,8,21,30,1007.3333333333334
Marco,2020,8,22,46.25,998.75
Marco,2020,8,23,61.25,992.75
Marco,2020,8,24,47.5,1003.25
Marco,2020,8,25,35,1006
Maria,2005,9,1,30,1008
Maria,2005,9,2,33.75,1006.25
Maria,2005,9,3,48.75,998
Maria,2005,9,4,66.25,986
Maria,2005,9,5,82.5,975.5
Maria,2005,9,6,86.25,971.75
Maria,2005,9,7,71.25,982.5
Maria,2005,9,8,66.25,984.25
Maria,2005,9,9,55,987.5
Maria,2005,9,10,50,988
Maria,2011,9,6,30,1008
Maria,2011,9,7,41.25,1005.25
Maria,2011,9,8,42.5,1003.25
Maria,2011,9,9,40,1003.5
Maria,2011,9,10,45,1005
Maria,2011,9,11,48.75,1004.5
Maria,2011,9,12,50,1005.5
Maria,2011,9,13,45,1005.75
Maria,2011,9,14,50,1001.5
Maria,2011,9,15,61.25,993
Maria,2011,9,16,65,983.2
Maria,2017,9,16,35,1005
Maria,2017,9,17,56.25,993
Maria,2017,9,18,91.25,969.75
Maria,2017,9,19,142,927.4
Maria,2017,9,20,130.83333333333334,924
Maria,2017,9,21,100,959
Maria,2017,9,22,110,957.25
Maria,2017,9,23,101.25,952.25
Maria,2017,9,24,95,944.25
Maria,2017,9,25,75,957
Maria,2017,9,26,66.25,970.25
Maria,2017,9,27,65,976.75
Maria,2017,9,28,60,982
Maria,2017,9,29,51.25,987
Maria,2017,9,30,50,988
Marilyn,1995,9,12,30,1006
Marilyn,1995,9,13,48.75,997
Marilyn,1995,9,14,69,985.6
Marilyn,1995,9,15,80,976.25
Marilyn,1995,9,16,95,953.75
Marilyn,1995,9,17,91,957
Marilyn,1995,9,18,83.75,965
Marilyn,1995,9,19,77.5,972.25
Marilyn,1995,9,20,73.75,977
Marilyn,1995,9,21,63.75,985.75
Marilyn,1995,9,22,55,992
Matthew,2004,10,8,32.5,1005.5
Matthew,2004,10,9,37.5,1000.25
Matthew,2004,10,10,34,999.6
Matthew,2010,9,23,32.5,1007.5
Matthew,2010,9,24,46,1001
Matthew,2010,9,25,39,999.2
Matthew,2010,9,26,27.5,1001.5
Matthew,2016,9,28,50,1008.5
Matthew,2016,9,29,58.75,998.5
Matthew,2016,9,30,93.75,972.25
Matthew,2016,10,1,137.5,942.5
Matthew,2016,10,2,130,943.25
Matthew,2016,10,3,126.25,941.25
Matthew,2016,10,4,127,937.4
Matthew,2016,10,5,108.75,958.5
Matthew,2016,10,6,113.75,946.5
Matthew,2016,10,7,107.5,941.5
Matthew,2016,10,8,81.66666666666667,960.3333333333334
Matthew,2016,10,9,70,982
Melissa,2007,9,28,28.333333333333332,1009
Melissa,2007,9,29,33.75,1005.75
Melissa,2007,9,30,30,1006
Melissa,2013,11,20,45,988
Melissa,2013,11,21,51.25,982
Melissa,2019,10,12,45,998
Melissa,2019,10,13,40,999.5
Melissa,2019,10,14,35,1002.5
Michael,2000,10,17,50,996.5
Michael,2000,10,18,66.25,984.25
Michael,2000,10,19,75,978.25
Michael,2012,9,3,26.666666666666668,1014
Michael,2012,9,4,37.5,1008.25
Michael,2012,9,5,51.25,1000.75
Michael,2012,9,6,92.5,970.25
Michael,2012,9,7,88.75,970.75
Michael,2012,9,8,83.75,975.5
Michael,2012,9,9,85,976
Michael,2012,9,10,70,985.25
Michael,2012,9,11,53.333333333333336,994
Michael,2018,10,7,36.666666666666664,1002
Michael,2018,10,8,62.5,984.75
Michael,2018,10,9,90,968.25
Michael,2018,10,10,126,934
Michael,2018,10,11,55,978.5
Michelle,2001,10,29,30,1004
Michelle,2001,10,30,30,1005
Michelle,2001,10,31,30,1004.25
Michelle,2001,11,1,45,997
Michelle,2001,11,2,66.25,981.75
Michelle,2001,11,3,106,940.6
Michelle,2001,11,4,118,945.6
Michelle,2001,11,5,85,969.75
Mindy,2003,10,10,40,1004
Mindy,2003,10,11,37.5,1004.75
Mindy,2003,10,12,31.25,1007.25
Mindy,2003,10,13,30,1007.75
Mindy,2003,10,14,25,1008
Mitch,1998,10,22,31.25,1001.75
Mitch,1998,10,23,45,999
Mitch,1998,10,24,71.25,988
Mitch,1998,10,25,111.25,946.75
Mitch,1998,10,26,141.25,916
Mitch,1998,10,27,150,919.25
Mitch,1998,10,28,120,944.5
Mitch,1998,10,29,72.5,982.5
Mitch,1998,10,30,48.75,996.5
Mitch,1998,10,31,37.5,1000
Mitch,1998,11,1,26.25,1003.75
Mitch,1998,11,3,40,997
Mitch,1998,11,4,36,996.8
Mitch,1998,11,5,51.25,989.75
Nadine,2000,10,19,27.5,1008.5
Nadine,2000,10,20,33.75,1004
Nadine,2000,10,21,48.75,999.75
Nadine,2012,9,10,25,1007.5
Nadine,2012,9,11,27.5,1006.5
Nadine,2012,9,12,46.25,999
Nadine,2012,9,13,60,989.75
Nadine,2012,9,14,61.25,986.5
Nadine,2012,9,15,70,980.25
Nadine,2012,9,16,66.25,983.75
Nadine,2012,9,17,57.5,987.25
Nadine,2012,9,18,50,989
Nadine,2012,9,19,50,988.5
Nadine,2012,9,20,51.25,985.5
Nadine,2012,9,21,53.333333333333336,984
Nadine,2012,9,23,48.75,987.25
Nadine,2012,9,24,45,993.25
Nadine,2012,9,25,40,996.5
Nadine,2012,9,26,43.75,996
Nadine,2012,9,27,51.25,993
Nadine,2012,9,28,61.25,990
Nadine,2012,9,29,66.25,987.5
Nadine,2012,9,30,77.5,980.25
Nadine,2012,10,1,63.75,988.5
Nadine,2012,10,2,55,995
Nadine,2012,10,3,45,999.5
Nadine,2018,10,9,35,1006
Nadine,2018,10,10,52.5,997
Nadine,2018,10,11,46.25,1000.5
Nadine,2018,10,12,36.25,1005.25
Nana,1990,10,16,30,1007
Nana,1990,10,17,51.25,1000.5
Nana,1990,10,18,72.5,992
Nana,1990,10,19,70,991.25
Nana,1990,10,20,46.25,1001.5
Nana,1990,10,21,25,1009.3333333333334
Nana,2008,10,12,33.333333333333336,1006
Nana,2008,10,13,32.5,1005.5
Nana,2008,10,14,30,1007
Nana,2020,9,1,41.666666666666664,1004
Nana,2020,9,2,50,998.5
Nana,2020,9,3,53,997.6
Nate,2005,9,5,30,1008
Nate,2005,9,6,43.75,1001
Nate,2005,9,7,62.5,989
Nate,2005,9,8,75,982.5
Nate,2005,9,9,67.5,985.25
Nate,2005,9,10,48.333333333333336,997
Nate,2011,9,7,40,1004
Nate,2011,9,8,53.75,998.75
Nate,2011,9,9,53.75,997.5
Nate,2011,9,10,48.75,1000
Nate,2011,9,11,44,1004.6
Nate,2017,10,4,27.5,1005
Nate,2017,10,5,33.75,1001
Nate,2017,10,6,40,997.5
Nate,2017,10,7,71.25,986
Nate,2017,10,8,52,988
Nestor,2019,10,18,50,1000
Nestor,2019,10,19,50,996
Nicholas,2003,10,13,26.25,1008
Nicholas,2003,10,14,31.25,1005.75
Nicholas,2003,10,15,43.75,1000.75
Nicholas,2003,10,16,48.75,997.75
Nicholas,2003,10,17,56.25,993.25
Nicholas,2003,10,18,53.75,994.75
Nicholas,2003,10,19,48.75,997.75
Nicholas,2003,10,20,41.25,1001.75
Nicholas,2003,10,21,41.25,1001.75
Nicholas,2003,10,22,36.25,1004.25
Nicholas,2003,10,23,31.25,1006.5
Nicole,1998,11,24,42.5,1003
Nicole,1998,11,25,56.25,994.25
Nicole,1998,11,26,32.5,1003.5
Nicole,1998,11,27,30,1008
Nicole,1998,11,28,50,1000.25
Nicole,1998,11,29,51.25,998.75
Nicole,1998,11,30,66.25,988.75
Nicole,1998,12,1,68.33333333333333,980.3333333333334
Nicole,2010,9,28,37.5,1000
Nicole,2010,9,29,36.666666666666664,996
Nicole,2016,10,4,40,1004.6666666666666
Nicole,2016,10,5,46.25,1000.75
Nicole,2016,10,6,60,991.25
Nicole,2016,10,7,70,979
Nicole,2016,10,8,43.75,1000.25
Nicole,2016,10,9,52.5,995
Nicole,2016,10,10,50,992
Nicole,2016,10,11,57.5,987.5
Nicole,2016,10,12,90,970
Nicole,2016,10,13,109,956.2
Nicole,2016,10,14,73.75,972.75
Nicole,2016,10,15,72.5,965
Nicole,2016,10,16,70,962.5
Nicole,2016,10,17,65,965.5
Nicole,2016,10,18,57.5,966
Nine,2015,9,16,25,1009
Nine,2015,9,17,27.5,1006.75
Nine,2015,9,18,25,1007
Nine,2015,9,19,25,1008.6666666666666
Nineteen,2005,9,30,27.5,1008
Nineteen,2005,10,1,30,1007.5
Nineteen,2005,10,2,26.666666666666668,1008.3333333333334
Noel,1995,9,26,25,1007
Noel,1995,9,27,33.75,1004.5
Noel,1995,9,28,55,995
Noel,1995,9,29,65,987
Noel,1995,9,30,61.25,989.25
Noel,1995,10,1,47.5,997.25
Noel,1995,10,2,45,1000
Noel,1995,10,3,43.75,1000
Noel,1995,10,4,50,997
Noel,1995,10,5,65,987
Noel,1995,10,6,51.25,995.5
Noel,1995,10,7,35,1004
Noel,2001,11,5,65,986
Noel,2001,11,6,57.5,992
Noel,2007,10,28,37.5,1000
Noel,2007,10,29,45,1001.2
Noel,2007,10,30,42.5,998.75
Noel,2007,10,31,40,997.5
Noel,2007,11,1,51.666666666666664,993
Noel,2007,11,2,70,980.75
Odette,2003,12,4,32.5,1004
Odette,2003,12,5,48.75,995.25
Odette,2003,12,6,53,994.8
Odette,2003,12,7,41.666666666666664,1000
Olga,2001,11,24,50,989
Olga,2001,11,25,53.75,988.5
Olga,2001,11,26,62.5,978.5
Olga,2001,11,27,77.5,974.25
Olga,2001,11,28,73.75,976.5
Olga,2001,11,29,60,990.75
Olga,2001,11,30,35,1001.5
Olga,2001,12,1,30,1004.25
Olga,2001,12,2,37.5,1002
Olga,2001,12,3,35,1004.75
Olga,2001,12,4,30,1006
Olga,2007,12,11,50,1003
Olga,2007,12,12,38.75,1006
Olga,2019,10,25,37.5,1001
Omar,2008,10,13,28.333333333333332,1004.6666666666666
Omar,2008,10,14,46.25,993
Omar,2008,10,15,72.5,982.25
Omar,2008,10,16,92.5,972
Omar,2008,10,17,68.75,984.25
Omar,2008,10,18,52.5,989.5
Omar,2020,8,31,30,1008.6666666666666
Omar,2020,9,1,32.5,1004.5
Omar,2020,9,2,35,1003.25
Omar,2020,9,3,30,1005
Omar,2020,9,4,30,1006
Omar,2020,9,5,30,1008
One,2009,5,28,26.666666666666668,1006.6666666666666
One,2009,5,29,28.75,1006.25
Opal,1995,9,27,25,1004
Opal,1995,9,28,25,1003.5
Opal,1995,9,29,26.25,1003
Opal,1995,9,30,33.75,1001.25
Opal,1995,10,1,46.25,988
Opal,1995,10,2,61.25,977.25
Opal,1995,10,3,77.5,968
Opal,1995,10,4,113.33333333333333,933.8333333333334
Opal,1995,10,5,53.333333333333336,968.6666666666666
Ophelia,2005,9,6,25,1009.75
Ophelia,2005,9,7,37.5,1001.5
Ophelia,2005,9,8,52.5,991
Ophelia,2005,9,9,60,986.5
Ophelia,2005,9,10,63.75,980
Ophelia,2005,9,11,70,977.75
Ophelia,2005,9,12,58.75,985.5
Ophelia,2005,9,13,60,989
Ophelia,2005,9,14,71.25,981
Ophelia,2005,9,15,68.75,982.75
Ophelia,2005,9,16,55,992
Ophelia,2005,9,17,51.25,996.75
Ophelia,2011,9,20,30,1007
Ophelia,2011,9,21,46.25,1001.75
Ophelia,2011,9,22,52.5,995.25
Ophelia,2011,9,23,45,1001.75
Ophelia,2011,9,24,43.75,1005.25
Ophelia,2011,9,25,37.5,1008
Ophelia,2011,9,27,25,1009.5
Ophelia,2011,9,28,38.75,1004
Ophelia,2011,9,29,56.25,992
Ophelia,2011,9,30,87.5,969.5
Ophelia,2011,10,1,106.25,950
Ophelia,2011,10,2,106.25,949
Ophelia,2011,10,3,65,976
Ophelia,2017,10,9,36.666666666666664,1007
Ophelia,2017,10,10,43.75,1003
Ophelia,2017,10,11,57.5,995.75
Ophelia,2017,10,12,77.5,978.5
Ophelia,2017,10,13,85,970
Ophelia,2017,10,14,95,962.75
Ophelia,2017,10,15,87.5,959
Oscar,2012,10,3,31.666666666666668,1005.6666666666666
Oscar,2012,10,4,42.5,999.25
Oscar,2012,10,5,45,994.3333333333334
Oscar,2018,10,27,50,995
Oscar,2018,10,28,58.75,991.5
Oscar,2018,10,29,73.75,982.25
Oscar,2018,10,30,86.25,971
Oscar,2018,10,31,70,976
Otto,2004,11,30,40,997
Otto,2004,12,1,38.75,997
Otto,2004,12,2,32.5,996
Otto,2004,12,3,30,997
Otto,2010,10,7,47.5,993
Otto,2010,10,8,62.5,984.5
Otto,2010,10,9,71.25,980
Otto,2010,10,10,60,988
Otto,2016,11,20,30,1002
Otto,2016,11,21,37.5,1001.25
Otto,2016,11,22,56.25,990.5
Otto,2016,11,23,61.25,990.5
Otto,2016,11,24,93,977.2
Otto,2016,11,25,58,994.2
Otto,2016,11,26,38.333333333333336,1002.6666666666666
Pablo,1995,10,4,30,1009
Pablo,1995,10,5,33.75,1006.5
Pablo,1995,10,6,48.75,996
Pablo,1995,10,7,45,1000
Pablo,1995,10,8,40,1005.6666666666666
Pablo,2019,10,25,40,990
Pablo,2019,10,26,43.75,989
Pablo,2019,10,27,62.5,981.25
Pablo,2019,10,28,52.5,986
Paloma,2008,11,5,25,1004
Paloma,2008,11,6,40,1000.25
Paloma,2008,11,7,71.25,981.5
Paloma,2008,11,8,115,952.5
Paloma,2008,11,9,58,986.8
Patty,2012,10,11,33.75,1008.5
Patty,2012,10,12,38.75,1005.75
Patty,2012,10,13,32.5,1007.5
Paula,2010,10,11,42.5,1004
Paula,2010,10,12,73.75,988.5
Paula,2010,10,13,83.75,985.5
Paula,2010,10,14,62,997.6
Paula,2010,10,15,35,1006
Paulette,2020,9,7,32.5,1005.5
Paulette,2020,9,8,46.25,999.5
Paulette,2020,9,9,50,996.5
Paulette,2020,9,10,47.5,997
Paulette,2020,9,11,53.75,991
Paulette,2020,9,12,60,985.5
Paulette,2020,9,13,68.75,977.75
Paulette,2020,9,14,83,970.2
Paulette,2020,9,15,88.75,965.25
Paulette,2020,9,16,82.5,967
Paulette,2020,9,20,35,1008
Paulette,2020,9,21,36.25,1008
Paulette,2020,9,22,50,1003
Peter,2003,12,9,50,993.3333333333334
Peter,2003,12,10,35,1003.75
Peter,2003,12,11,30,1005
Philippe,2005,9,17,32.5,1007.5
Philippe,2005,9,18,47.5,998
Philippe,2005,9,19,65,987
Philippe,2005,9,20,62.5,988.5
Philippe,2005,9,21,47.5,998
Philippe,2005,9,22,35,1002.75
Philippe,2005,9,23,33.333333333333336,1003
Philippe,2011,9,24,33.333333333333336,1006.3333333333334
Philippe,2011,9,25,40,1005.75
Philippe,2011,9,26,47.5,1003.75
Philippe,2011,9,27,41.25,1004.75
Philippe,2011,9,28,33.75,1006.25
Philippe,2011,9,29,43.75,1004.5
Philippe,2011,9,30,42.5,1006.25
Philippe,2011,10,1,56.25,998.5
Philippe,2011,10,2,47.5,999.75
Philippe,2011,10,3,52.5,999.5
Philippe,2011,10,4,62.5,992.75
Philippe,2011,10,5,57.5,994.5
Philippe,2011,10,6,68.75,984.75
Philippe,2011,10,7,77.5,977.5
Philippe,2011,10,8,61.666666666666664,986.6666666666666
Philippe,2017,10,28,33.333333333333336,1001
Philippe,2017,10,29,30,1003
Rafael,2012,10,12,35,1006
Rafael,2012,10,13,36.25,1005.75
Rafael,2012,10,14,48.75,1000
Rafael,2012,10,15,67.5,984.25
Rafael,2012,10,16,78.75,971.25
Rafael,2012,10,17,70,971.3333333333334
Rene,2020,9,7,31.666666666666668,1003
Rene,2020,9,8,33.75,1001.5
Rene,2020,9,9,32.5,1003.5
Rene,2020,9,10,37.5,1002.5
Rene,2020,9,11,35,1003.5
Rene,2020,9,12,32.5,1005.25
Rene,2020,9,13,28.75,1008.75
Rene,2020,9,14,25,1009
Richard,2010,10,20,30,1008
Richard,2010,10,21,32.5,1006.5
Richard,2010,10,22,36.25,1006
Richard,2010,10,23,47.5,1002
Richard,2010,10,24,70,990.25
Richard,2010,10,25,61,987.8
Rina,2011,10,23,26.666666666666668,1005.6666666666666
Rina,2011,10,24,47.5,999.75
Rina,2011,10,25,90,975.25
Rina,2011,10,26,91.25,971
Rina,2011,10,27,66.25,986
Rina,2011,10,28,48.75,998
Rina,2017,11,5,30,1012
Rina,2017,11,6,30,1010
Rina,2017,11,7,38.75,1005
Rina,2017,11,8,46.25,995.25
Rina,2017,11,9,45,991
Rita,2005,9,18,28.75,1007.5
Rita,2005,9,19,52.5,998
Rita,2005,9,20,68.75,985.5
Rita,2005,9,21,117.5,945.75
Rita,2005,9,22,145,902
Rita,2005,9,23,115,924
Rita,2005,9,24,83,945.2
Rita,2005,9,25,28.75,991.5
Rita,2005,9,26,20,1003
Roxanne,1995,10,7,25,1005
Roxanne,1995,10,8,26.25,1004.75
Roxanne,1995,10,9,42.5,999.25
Roxanne,1995,10,10,81,973.6
Roxanne,1995,10,11,87,971.2
Roxanne,1995,10,12,60,992.75
Roxanne,1995,10,13,55,991.5
Roxanne,1995,10,14,62.5,980.75
Roxanne,1995,10,15,73.75,979.5
Roxanne,1995,10,16,68.75,984.25
Roxanne,1995,10,17,57.5,996
Roxanne,1995,10,18,38.75,1005
Roxanne,1995,10,19,30,1009
Roxanne,1995,10,20,27.5,1009.25
Roxanne,1995,10,21,25,1011
Sally,2020,9,11,30,1007
Sally,2020,9,12,32.5,1003.25
Sally,2020,9,13,45,999
Sally,2020,9,14,61.25,992.25
Sally,2020,9,15,71.25,983.25
Sally,2020,9,16,82,971.2
Sally,2020,9,17,32.5,997
Sandy,2012,10,22,32.5,1001
Sandy,2012,10,23,41.25,996
Sandy,2012,10,24,66,980.2
Sandy,2012,10,25,94.16666666666667,960.1666666666666
Sandy,2012,10,26,68.75,968.5
Sandy,2012,10,27,65,963.25
Sandy,2012,10,28,65,956.25
Sandy,2012,10,29,78.75,945.5
Sean,2011,11,8,45,999
Sean,2011,11,9,51.25,995
Sean,2011,11,10,55,984
Sean,2011,11,11,47.5,989.25
Sebastien,1995,10,20,27.5,1005.5
Sebastien,1995,10,21,37.5,1005
Sebastien,1995,10,22,45,1004.5
Sebastien,1995,10,23,42.5,1002.5
Sebastien,1995,10,24,28.75,1006.5
Sebastien,1995,10,25,20,1008
Sebastien,2019,11,19,38.333333333333336,1004.6666666666666
Sebastien,2019,11,20,43.75,1000
Sebastien,2019,11,21,50,996
Sebastien,2019,11,22,51.25,995.5
Sebastien,2019,11,23,57.5,992.5
Sebastien,2019,11,24,55,994
Shary,2010,10,28,30,1006
Shary,2010,10,29,45,999.25
Shary,2010,10,30,65,990
Sixteen,2008,10,14,25,1004.5
Sixteen,2008,10,15,25,1005.2
Stan,2005,10,1,27.5,1006
Stan,2005,10,2,35,1003.4
Stan,2005,10,3,38.75,1000.75
Stan,2005,10,4,58.75,985.5
Stan,2005,10,5,27.5,1002
Tammy,2005,10,5,41.25,1003.25
Tammy,2005,10,6,30,1004.5
Tanya,1995,10,27,33.75,1001.25
Tanya,1995,10,28,48.75,995
Tanya,1995,10,29,63.75,985.5
Tanya,1995,10,30,71.25,979
Tanya,1995,10,31,75,973.25
Tanya,1995,11,1,62.5,973.5
Teddy,2020,9,12,28.333333333333332,1006
Teddy,2020,9,13,30,1005.5
Teddy,2020,9,14,36.25,1003.75
Teddy,2020,9,15,51.25,999.75
Teddy,2020,9,16,78.75,977.25
Teddy,2020,9,17,97.5,961
Teddy,2020,9,18,112.5,946.75
Teddy,2020,9,19,101.25,948.75
Teddy,2020,9,20,87.5,960.25
Teddy,2020,9,21,80,960.75
Teddy,2020,9,22,86.25,952.25
Teddy,2020,9,23,65,954
Ten,2005,8,13,27.5,1008.5
Ten,2005,8,14,26.666666666666668,1008.6666666666666
Ten,2007,9,21,30,1005
Ten,2007,9,22,25,1006
Ten,2011,8,25,30,1007
Ten,2011,8,26,30,1009
Ten,2020,7,31,30,1008
Ten,2020,8,1,27.5,1008.5
Theta,2020,11,10,60,987
Theta,2020,11,11,55,988.5
Theta,2020,11,12,56.25,988.5
Theta,2020,11,13,47.5,993.75
Theta,2020,11,14,36.25,999.5
Theta,2020,11,15,32.5,1004
Three,2019,7,22,25,1013
Three,2019,7,23,28.333333333333332,1013.3333333333334
Tomas,2010,10,29,36.666666666666664,1002.3333333333334
Tomas,2010,10,30,67.5,993.8333333333334
Tomas,2010,10,31,78.75,986.75
Tomas,2010,11,1,45,1002.5
Tomas,2010,11,2,40,1004.5
Tomas,2010,11,3,31.25,1005.5
Tomas,2010,11,4,43.75,998
Tomas,2010,11,5,68.75,988.25
Tomas,2010,11,6,61,991.4
Tomas,2010,11,7,61.25,990.25
Tony,2012,10,22,30,1006
Tony,2012,10,23,30,1005.75
Tony,2012,10,24,41.25,1001.75
Tony,2012,10,25,41.666666666666664,1000
Two,2010,7,8,29,1006
Two,2010,7,9,25,1007
Two,2014,7,21,30,1012
Two,2014,7,22,30,1012
Two,2014,7,23,30,1012
Vicky,2020,9,14,37.5,1004.75
Vicky,2020,9,15,45,1001.5
Vicky,2020,9,16,38.75,1005.75
Vicky,2020,9,17,31.25,1007.75
Vince,2005,10,9,60,991.5
Vince,2005,10,10,47.5,993.75
Vince,2005,10,11,30,1001.75
Wilfred,2020,9,17,35,1007
Wilfred,2020,9,18,35,1006
Wilfred,2020,9,19,35,1006
Wilfred,2020,9,20,32.5,1007.75
Wilfred,2020,9,21,30,1009
Wilma,2005,10,15,25,1004
Wilma,2005,10,16,28.75,1003
Wilma,2005,10,17,37.5,999.25
Wilma,2005,10,18,63.75,981
Wilma,2005,10,19,145,903
Wilma,2005,10,20,131.25,905
Wilma,2005,10,21,127,927.2
Wilma,2005,10,22,106,940.6
Wilma,2005,10,23,86.25,961.5
Wilma,2005,10,24,102,953.2
Wilma,2005,10,25,93.75,966
Zeta,2005,12,30,40,1004
Zeta,2005,12,31,47.5,998.5
Zeta,2006,1,1,51.25,996.25
Zeta,2006,1,2,50,997
Zeta,2006,1,3,55,994
Zeta,2006,1,4,47.5,998.25
Zeta,2006,1,5,35,1005.75
Zeta,2006,1,6,31.666666666666668,1007.3333333333334
Zeta,2020,10,24,27.5,1006.5
Zeta,2020,10,25,42.5,1003
Zeta,2020,10,26,63.75,990.75
Zeta,2020,10,27,65,982.2
Zeta,2020,10,28,79,979
Zeta,2020,10,29,63.333333333333336,983
