<?xml version="1.0" encoding="UTF-8"?><metadata xmlns:xsi="http://www.w3.org/2001/XMLSchema-instance" xsi:noNamespaceSchemaLocation="http://www.conabio.gob.mx/informacion/gis/schemas/fgdc/fgdc-std-001-1998.xsd"><idinfo><citation><citeinfo><origin>Comisi&#x00F3;n Nacional para el Conocimiento y Uso de la Biodiversidad (CONABIO), (2002). &apos;L&#x00ED;mite Nacional 1:1000000&apos;. Extraido de Conjunto de Datos Vectoriales y Topon&#x00ED;micos de la carta Topogr&#x00E1;fica. Escala 1:1000 000. Instituto Nacional de Estad&#x00ED;stica, Geograf&#x00ED;a e Inform&#x00E1;tica (INEGI). M&#x00E9;xico.</origin><pubdate>20010715</pubdate><title>L&#x00ED;mite Nacional 1:1000000</title><geoform>Shapefile. Formato vectorial compuesto por 4 archivos (shp, shx, dbf,prj)</geoform><othercit>1000000</othercit></citeinfo></citation><descript><abstract>Este mapa presenta el l&#x00ED;mites internacionales de la Rep&#x00FA;blica Mexicana en escala 1:1000000. Con la delimitaci&#x00F3;n de islas que son representadas a la escala del mapa.</abstract><purpose>Mostrar el contorno del pa&#x00ED;s como mapa base para digitalizaci&#x00F3;n y referencia con otros mapas.</purpose></descript><timeperd><timeinfo><sngdate><caldate>00000000</caldate></sngdate></timeinfo><current>2002</current></timeperd><status><progress>Complete</progress><update>No planeado</update></status><spdom><bounding><westbc>-118.366027</westbc><eastbc>-86.710742</eastbc><northbc>32.718769</northbc><southbc>14.534005</southbc></bounding></spdom><keywords><theme><themekt>ESTRUCTURA</themekt><themekey>dipol</themekey><themekey>limite</themekey><themekey>contdv1mgw</themekey></theme><theme><themekt>CONABIO</themekt><themekey>Divisi&#x00F3;n pol&#x00ED;tica Limite 1:1000000 Contorno M&#x00E9;xico L&#x00ED;mite nacional L&#x00ED;mite nacional M&#x00E9;xico </themekey></theme><place><placekt>CONABIO</placekt><placekey>M&#x00E9;xico Rep&#x00FA;blica Mexicana </placekey></place></keywords><accconst>Sin restricciones</accconst><useconst>Sin restricciones</useconst><browse><browsen>http://www.conabio.gob.mx/informacion/gis/layouts/contdv1mgw.png</browsen><browsed>Mapa ilustrativo de L&#x00ED;mite Nacional 1:1000000</browsed><browset>png</browset></browse><native>SIG ARC-INFO, versi&#x00F3;n 9.2, UNIX</native></idinfo><dataqual><logic>Gabinete</logic><complete>Se hiz&#x00F3; un cambio de formato de DXF a cobertura. Para despu&#x00E9;s realizar el trabajo de edici&#x00F3;n.</complete><lineage><srcinfo><srccite><citeinfo><origin>No conocido</origin><pubdate>00000000</pubdate><title>No conocido</title></citeinfo></srccite><srcscale>1000000</srcscale><typesrc>Digital</typesrc><srctime><timeinfo><sngdate><caldate>00000000</caldate></sngdate></timeinfo><srccurr>No conocido</srccurr></srctime><srccitea>No conocido</srccitea><srccontr>Instituto Nacional de Estad&#x00ED;stica Geograf&#x00ED;a e Inform&#x00E1;tica (INEGI), (2002). &apos;Conjunto de Datos Vectoriales y Topon&#x00ED;micos&apos;. M&#x00E9;xico.</srccontr></srcinfo><procstep><procdesc>El proceso de conversi&#x00F3;n del formato y edici&#x00F3;n de la informaci&#x00F3;n se realiz&#x00F3; en ARC/INFO en el m&#x00F3;dulo de ARCEDIT.</procdesc><procdate>00000000</procdate></procstep></lineage></dataqual><spdoinfo><direct>Vector</direct><ptvctinf><sdtsterm ><sdtstype>G-polygon</sdtstype><ptvctcnt>358</ptvctcnt></sdtsterm></ptvctinf></spdoinfo><spref><horizsys><geograph><latres>0.0174532925199433</latres><longres>0.0174532925199433</longres><geogunit>Decimal degrees</geogunit></geograph><geodetic><horizdn>WGS84</horizdn><ellips>WGS84</ellips><semiaxis>6378137.000000</semiaxis><denflat>298.257224</denflat></geodetic></horizsys></spref><eainfo><detailed><enttyp><enttypl>CONTDV1MGW.DBF</enttypl><enttypd>Contorno extra&#x00ED;do de Datos vectoriales a escala 1:1000000</enttypd><enttypds>No conocido</enttypds></enttyp><attr><attrlabl>Area</attrlabl><attrdef>Num&#x00E9;rico</attrdef><attrdefs>Calculado por Arc-Info</attrdefs><attrdomv><udom>&#x00C1;rea de los pol&#x00ED;gonos</udom></attrdomv><attrvai><attrva>1</attrva><attrvae>Grados decimales al cuadrado</attrvae></attrvai></attr><attr><attrlabl>Perimeter</attrlabl><attrdef>Num&#x00E9;rico</attrdef><attrdefs>Calculado por Arc-Info</attrdefs><attrdomv><udom>Per&#x00ED;metro de los pol&#x00ED;gonos</udom></attrdomv><attrvai><attrva>1</attrva><attrvae>Grados decimales</attrvae></attrvai></attr></detailed></eainfo><distinfo><distrib><cntinfo><cntorgp><cntorg>CONABIO</cntorg><cntper>Jose Manuel Davila Rosas</cntper></cntorgp><cntpos>Subdirector de Sistemas de Informaci&#x00F3;n Geogr&#x00E1;fica</cntpos><cntaddr><addrtype>mailing and physical address</addrtype><address>Liga Perif&#x00E9;rico Insurgentes Sur Num. 4903 1er piso. Col. Parques del Pedregal. Delg. Tlalpan</address><city>Ciudad de M&#x00E9;xico</city><state>D.F.</state><postal>14010</postal><country>M&#x00E9;xico</country></cntaddr><cntvoice>50045012</cntvoice><cntfax>50044931</cntfax><cntemail>jdavila@conabio.gob.mx</cntemail><hours>Lunes a Viernes de las 8 hasta 18 hrs.</hours></cntinfo></distrib><resdesc>contdv1mgw</resdesc><distliab>No se permite utilizar estos datos con fines lucrativos y se debe citar la fuente del mapa y a CONABIO. La Subdirecci&#x00F3;n de Sistemas de Informaci&#x00F3;n Geogr&#x00E1;fica de la CONABIO solo se hace responsable de la informaci&#x00F3;n presentada en el mapa y se deslinda del uso que se le de a la misma.</distliab><stdorder><digform><digtinfo><formname>ESRI Shapefile(SHP)</formname><formverd>199807</formverd><filedec>compactado en ZIP</filedec><transize>1.25</transize></digtinfo><digtopt><onlinopt><computer><networka><networkr> http://www.conabio.gob.mx/informacion/gis/maps/geo/contdv1mgw.zip</networkr></networka></computer><accinstr>Coordenadas geogr&#x00E1;ficas WGS84. (EPSG:4326). Formato vectorial de almacenamiento de elementos geogr&#x00E1;ficos y sus atributos asociados. </accinstr></onlinopt><onlinopt><computer><networka><networkr> http://www.conabio.gob.mx/informacion/gis/maps/ccl/contdv1mgw_c.zip</networkr></networka></computer><accinstr>Proyecci&#x00F3;n C&#x00F3;nica Conforme de Lambert WGS84. (EPSG:48402). Formato vectorial de almacenamiento de elementos geogr&#x00E1;ficos y sus atributos asociados. </accinstr></onlinopt></digtopt></digform><digform><digtinfo><formname>Google Earth KML</formname><formvern>2.2</formvern><filedec>compactado como KMZ</filedec></digtinfo><digtopt><onlinopt><computer><networka><networkr>  http://www.conabio.gob.mx/informacion/explorer/wms/kml?layers=contdv1mgw&amp;mode=download&amp;legend=true</networkr></networka></computer><accinstr>Coordenadas geogr&#x00E1;ficas WGS84. (EPSG:4326). Los archivos KML representan datos geogr&#x00E1;ficos para Google Earth, a menudo suelen distribuirse comprimidos como KMZ.</accinstr></onlinopt></digtopt></digform><digform><digtinfo><formname>Servicio de im&#x00E1;genes (WMS)</formname><formvern>1.1.1</formvern></digtinfo><digtopt><onlinopt><computer><networka><networkr>http://www.conabio.gob.mx/informacion/explorer/wms?Format=image.png&amp;request=GetMap&amp;version=1.1.1&amp;width=800&amp;height=424&amp;srs=EPSG:4326&amp;bbox=-120.0,13.8,-85.1,33.5&amp;layers=contdv1mgw</networkr></networka></computer><accinstr>Coordenadas geogr&#x00E1;ficas WGS84. (EPSG:4326). Servicio Web Map Service. Los mapas de datos referenciados espacialmente producidos se generan normalmente en un formato de imagen como PNG,.png o JPEG, pueden se vistos en un SIG </accinstr></onlinopt></digtopt></digform><fees>Acceso libre sin ning&#x00FA;n cargo al p&#x00FA;blico en general.</fees></stdorder><techpreq>Tener Arc/info, Arcview o sistemas compatibles, en caso que existan se pueden visualizar en Google Earth KML y/o conexi&#x00F3;n al servicio WMS.</techpreq></distinfo><metainfo><metd>20080201</metd><metc><cntinfo><cntorgp><cntorg>CONABIO</cntorg></cntorgp><cntpos>Norma Moreno</cntpos><cntaddr><addrtype>mailing and physical address</addrtype><address>Liga Perif&#x00E9;rico Insurgentes Sur Num. 4903 1er piso. Col. Parques del Pedregal. Delg. Tlalpan</address><city>Ciudad de M&#x00E9;xico</city><state>D.F.</state><postal>14010</postal><country>M&#x00E9;xico</country></cntaddr><cntvoice>50045018 50044938</cntvoice><cntfax>50044931</cntfax><cntemail>ssig@conabio.gob.mx</cntemail><hours>Lunes a Viernes de 8 a 18 hrs.</hours></cntinfo></metc><metstdn>FGDC Content Standards for Digital Geospatial Metadata, 1998</metstdn><metstdv>FGDC-STD-001-1998 version 2.0</metstdv></metainfo></metadata>